卡名,效果
冰暴击,对对方造成5点冰属性暴击。
冰暴击,这张卡被弃置时，对对方造成5点冰属性暴击。
冰暴击・冰击,这张卡被弃置时，对对方造成3点冰属性暴击。这张卡被弃置时，对对方造成6点冰属性伤害。
冰击,对对方造成15点冰属性伤害。
冰击,这张卡被弃置时，对对方造成15点冰属性伤害。
冰击・冰暴击,对对方造成10点冰属性伤害。这张卡被弃置时，对对方造成1点冰属性暴击。
冰击・攻击,对对方造成10点冰属性伤害。对对方造成5点伤害。
冰击・攻击,对对方造成7点冰属性伤害。对对方造成8点伤害。
冰击・攻击,对对方造成9点冰属性伤害。对对方造成6点伤害。
冰击・破击,对对方造成9点冰属性伤害。对对方造成2点无视防御伤害。
冰力量,这张卡被弃置时，自己的冰属性攻击力在1回合内上升22点。
冰力量,这张卡被弃置时，自己的冰属性攻击力在2回合内上升15点。
冰力量,这张卡被弃置时，自己的冰属性攻击力在3回合内上升8点。
冰力量,自己的冰属性攻击力在1回合内上升22点。
冰力量,自己的冰属性攻击力在2回合内上升15点。
冰力量,自己的冰属性攻击力在3回合内上升8点。
冰力量・冰击,对对方造成10点冰属性伤害。自己的冰属性攻击力在2回合内上升5点。
冰力量・冰击,对对方造成10点冰属性伤害。自己的冰属性攻击力在3回合内上升2点。
冰力量・冰击,对对方造成9点冰属性伤害。自己的冰属性攻击力在1回合内上升9点。
冰力量・冰击,对对方造成9点冰属性伤害。自己的冰属性攻击力在3回合内上升3点。
冰力量・冰弱点,自己的冰属性攻击力在3回合内上升5点。对方的冰属性防御力在3回合内下降5点。
冰力量・攻击,对对方造成10点伤害。自己的冰属性攻击力在1回合内上升8点。
冰力量・攻击,对对方造成9点伤害。自己的冰属性攻击力在1回合内上升9点。
冰力量・攻击,对对方造成9点伤害。自己的冰属性攻击力在2回合内上升6点。
冰力量・攻击,对对方造成9点伤害。自己的冰属性攻击力在3回合内上升3点。
冰力量・攻击,这张卡被弃置时，对对方造成10点伤害。这张卡被弃置时，自己的冰属性攻击力在2回合内上升5点。
冰力量・攻击,这张卡被弃置时，对对方造成10点伤害。自己的冰属性攻击力在2回合内上升5点。
冰力量・攻击,这张卡被弃置时，自己的冰属性攻击力在1回合内上升15点。对对方造成5点伤害。
冰力量・攻击,自己的冰属性攻击力在2回合内上升9点。对对方造成6点伤害。
冰力量・攻击,自己的冰属性攻击力在3回合内上升5点。对对方造成5点伤害。
冰力量・恢复,自己的冰属性攻击力在1回合内上升14点。自己的生命值在3回合内回复3点。
冰力量・回复・弱点,这张卡被弃置时，对方的冰属性攻击力在3回合内上升10点。自己的生命值回复16点。对方的防御力在2回合内下降16点。
冰力量・雷虚弱・专注,对方的冰属性攻击力在3回合内上升10点。对方的雷属性攻击力在3回合内下降18点。这张卡被弃置时，自己的防御力在1回合内上升14点。
冰力量・力量,自己的冰属性攻击力在2回合内上升9点。自己的攻击力在2回合内上升6点。
冰力量・力量・攻击,这张卡被弃置时，对自己造成7点伤害。自己的冰属性攻击力在1回合内上升27点。自己的攻击力在2回合内上升6点。
冰力量・牌堆销毁・攻击・雷击,对方的冰属性攻击力在2回合内上升14点。对对方造成11点伤害。这张卡被弃置时，驱逐对方的1张牌堆的牌。对对方造成5点雷属性伤害。
冰力量・破击,对对方造成3点无视防御伤害。自己的冰属性攻击力在1回合内上升9点。
冰力量・破击・攻击,对对方造成3点无视防御伤害。对自己造成4点伤害。自己的冰属性攻击力在3回合内上升5点。
冰力量・弱点,自己的冰属性攻击力在2回合内上升10点。这张卡被弃置时，对方的防御力在4回合内下降2点。
冰力量・手牌破坏,自己的冰属性攻击力在2回合内上升10点。对方随机弃置1张手牌。
冰力量・贪欲,自己的冰属性攻击力在2回合内上升10点。自己从牌堆抽1张牌。
冰力量・贪欲・雷击,对方的冰属性攻击力在2回合内上升12点。对对方造成15点雷属性伤害。自己从牌堆抽1张牌。
冰力量・销毁・破击,这张卡被弃置时，自己的冰属性攻击力在2回合内上升15点。这张卡使用后被驱逐。对对方造成3点无视防御伤害。
冰力量・虚弱・炎击,对自己造成7点炎属性伤害。自己的冰属性攻击力在1回合内上升22点。这张卡被弃置时，对方的攻击力在4回合内下降4点。
冰力量・炎击,对对方造成8点炎属性伤害。这张卡被弃置时，自己的冰属性攻击力在1回合内上升10点。
冰力量・炎击,自己的冰属性攻击力在1回合内上升14点。对对方造成6点炎属性伤害。
冰力量・炎弱点・冰专注,自己的冰属性攻击力在1回合内上升14点。自己的炎属性防御力在2回合内下降5点。自己的冰属性防御力在1回合内上升18点。
冰力量・炎虚弱,这张卡被弃置时，自己的冰属性攻击力在3回合内上升4点。对方的炎属性攻击力在4回合内下降4点。
冰力量・炎专注・攻击,这张卡被弃置时，对方的冰属性攻击力在3回合内上升10点。这张卡被弃置时，对对方造成13点伤害。自己的炎属性防御力在3回合内上升7点。
冰力量・专注,自己的冰属性攻击力在1回合内上升14点。自己的防御力在3回合内上升3点。
冰力量・专注・回复,对方的冰属性攻击力在4回合内上升4点。自己的防御力在2回合内上升19点。自己的生命值回复5点。
冰力量・专注・炎击,对自己造成8点炎属性伤害。自己的冰属性攻击力在3回合内上升10点。自己的防御力在2回合内上升6点。
冰弱点,对方的冰属性防御力在2回合内下降22点。
冰弱点,对方的冰属性防御力在3回合内下降15点。
冰弱点,对方的冰属性防御力在4回合内下降8点。
冰弱点,这张卡被弃置时，对方的冰属性防御力在3回合内下降15点。
冰弱点,这张卡被弃置时，对方的冰属性防御力在4回合内下降8点。
冰弱点・冰击,对方的冰属性防御力在3回合内下降10点。对对方造成5点冰属性伤害。
冰弱点・冰虚弱,对方的冰属性防御力在4回合内下降4点。对方的冰属性攻击力在2回合内下降9点。
冰弱点・攻击,对对方造成10点伤害。对方的冰属性防御力在2回合内下降8点。
冰弱点・攻击,对对方造成10点伤害。对方的冰属性防御力在3回合内下降5点。
冰弱点・攻击,对对方造成10点伤害。对方的冰属性防御力在4回合内下降2点。
冰弱点・攻击,对对方造成9点伤害。对方的冰属性防御力在3回合内下降6点。
冰弱点・攻击,对方的冰属性防御力在2回合内下降15点。对对方造成5点伤害。
冰弱点・攻击,对方的冰属性防御力在3回合内下降8点。对对方造成7点伤害。
冰弱点・攻击,对方的冰属性防御力在4回合内下降4点。对对方造成6点伤害。
冰弱点・攻击,对方的冰属性防御力在4回合内下降5点。对对方造成5点伤害。
冰弱点・攻击,这张卡被弃置时，对对方造成8点伤害。对方的冰属性防御力在3回合内下降7点。
冰弱点・攻击,这张卡被弃置时，对对方造成9点伤害。对方的冰属性防御力在3回合内下降6点。
冰弱点・攻击・雷击,对对方造成11点伤害。对自己造成6点雷属性伤害。对方的冰属性防御力在4回合内下降6点。
冰弱点・恢复,对方的冰属性防御力在3回合内下降7点。自己的生命值在3回合内回复4点。
冰弱点・回复,对方的冰属性防御力在2回合内下降15点。这张卡被弃置时，自己的生命值回复5点。
冰弱点・回复,这张卡被弃置时，对方的冰属性防御力在4回合内下降5点。自己的生命值回复5点。
冰弱点・雷击,对对方造成9点雷属性伤害。对方的冰属性防御力在4回合内下降3点。
冰弱点・雷虚弱,对方的冰属性防御力在3回合内下降10点。对方的雷属性攻击力在4回合内下降2点。
冰弱点・力量・手牌破坏・攻击,对自己造成7点伤害。对方的冰属性防御力在4回合内下降5点。自己的攻击力在1回合内上升14点。对方随机弃置1张手牌。
冰弱点・力量・炎击,对方的冰属性防御力在4回合内下降6点。对自己造成5点炎属性伤害。这张卡被弃置时，自己的攻击力在2回合内上升8点。
冰弱点・破击,对方的冰属性防御力在2回合内下降15点。对对方造成1点无视防御伤害。
冰弱点・弱点,对方的冰属性防御力在3回合内下降10点。对方的防御力在4回合内下降2点。
冰弱点・弱点・回复,自己的冰属性防御力在1回合内下降15点。对方的防御力在3回合内下降21点。自己的生命值回复6点。
冰弱点・贪欲,对方的冰属性防御力在3回合内下降10点。自己从牌堆抽1张牌。
冰弱点・贪欲,对方的冰属性防御力在4回合内下降5点。这张卡被弃置时，自己从牌堆抽1张牌。
冰弱点・销毁・机会,对方的冰属性防御力在4回合内下降8点。这张卡使用后被驱逐。出牌阶段增加一次出牌机会。
冰弱点・销毁・破击,对方的冰属性防御力在4回合内下降4点。这张卡使用后被驱逐。这张卡被弃置时，对对方造成5点无视防御伤害。
冰弱点・炎暴击,对对方造成3点炎属性暴击。这张卡被弃置时，对方的冰属性防御力在2回合内下降8点。
冰弱点・炎力量,对方的冰属性防御力在2回合内下降15点。自己的炎属性攻击力在1回合内上升8点。
冰弱点・炎专注,对方的冰属性防御力在3回合内下降10点。自己的炎属性防御力在3回合内上升2点。
冰弱点・炎专注,对方的冰属性防御力在4回合内下降4点。自己的炎属性防御力在3回合内上升3点。
冰弱点・专注,对方的冰属性防御力在2回合内下降14点。自己的防御力在2回合内上升6点。
冰弱点・专注・攻击,自己的冰属性防御力在3回合内下降4点。对对方造成20点伤害。自己的防御力在3回合内上升3点。
冰弱点・自我破坏・雷虚弱,对方的冰属性防御力在2回合内下降18点。对方自身弃置1张手牌。对方的雷属性攻击力在3回合内下降7点。
冰弱点・自我破坏・弱点,对方的冰属性防御力在2回合内下降21点。对方自身弃置1张手牌。对方的防御力在4回合内下降3点。
冰虚弱,对方的冰属性攻击力在2回合内下降22点。
冰虚弱,对方的冰属性攻击力在3回合内下降15点。
冰虚弱,对方的冰属性攻击力在4回合内下降8点。
冰虚弱,这张卡被弃置时，对方的冰属性攻击力在3回合内下降15点。
冰虚弱,这张卡被弃置时，对方的冰属性攻击力在4回合内下降8点。
冰虚弱・冰击,对对方造成10点冰属性伤害。对方的冰属性攻击力在2回合内下降8点。
冰虚弱・冰击,对对方造成10点冰属性伤害。对方的冰属性攻击力在3回合内下降5点。
冰虚弱・冰击,对对方造成9点冰属性伤害。对方的冰属性攻击力在4回合内下降3点。
冰虚弱・攻击,对对方造成10点伤害。对方的冰属性攻击力在3回合内下降5点。
冰虚弱・攻击,对对方造成10点伤害。对方的冰属性攻击力在4回合内下降2点。
冰虚弱・攻击,对对方造成9点伤害。对方的冰属性攻击力在2回合内下降9点。
冰虚弱・攻击,对对方造成9点伤害。对方的冰属性攻击力在4回合内下降3点。
冰虚弱・攻击,对对方造成9点伤害。这张卡被弃置时，对方的冰属性攻击力在2回合内下降9点。
冰虚弱・攻击,对方的冰属性攻击力在2回合内下降14点。对对方造成6点伤害。
冰虚弱・攻击,对方的冰属性攻击力在4回合内下降5点。对对方造成5点伤害。
冰虚弱・攻击・破击,自己的冰属性攻击力在1回合内下降9点。对对方造成15点伤害。这张卡被弃置时，对对方造成2点无视防御伤害。
冰虚弱・回复・攻击,这张卡被弃置时，自己的冰属性攻击力在3回合内下降5点。自己的生命值回复15点。对对方造成13点伤害。
冰虚弱・雷专注,对方的冰属性攻击力在4回合内下降5点。自己的雷属性防御力在3回合内上升2点。
冰虚弱・破击,对对方造成3点无视防御伤害。这张卡被弃置时，对方的冰属性攻击力在2回合内下降8点。
冰虚弱・破击,对方的冰属性攻击力在3回合内下降10点。对对方造成1点无视防御伤害。
冰虚弱・弱点,对方的冰属性攻击力在2回合内下降15点。对方的防御力在4回合内下降2点。
冰虚弱・弱点,对方的冰属性攻击力在3回合内下降8点。对方的防御力在3回合内下降7点。
冰虚弱・弱点,对方的冰属性攻击力在4回合内下降5点。对方的防御力在3回合内下降5点。
冰虚弱・贪欲,对方的冰属性攻击力在4回合内下降4点。自己从牌堆抽1张牌。
冰虚弱・销毁・雷弱点,对方的冰属性攻击力在2回合内下降14点。这张卡使用后被驱逐。对方的雷属性防御力在2回合内下降24点。
冰虚弱・虚弱,对方的冰属性攻击力在3回合内下降9点。对方的攻击力在3回合内下降6点。
冰虚弱・虚弱,对方的冰属性攻击力在4回合内下降4点。对方的攻击力在3回合内下降6点。
冰虚弱・虚弱,对方的冰属性攻击力在4回合内下降5点。对方的攻击力在3回合内下降5点。
冰虚弱・虚弱・回复,自己的冰属性攻击力在3回合内下降4点。对方的攻击力在3回合内下降17点。自己的生命值回复7点。
冰虚弱・炎力量,对方的冰属性攻击力在3回合内下降10点。自己的炎属性攻击力在1回合内上升8点。
冰虚弱・专注・炎击,自己的冰属性攻击力在2回合内下降9点。这张卡被弃置时，自己的防御力在2回合内上升18点。对对方造成8点炎属性伤害。
冰虚弱・自我破坏・冰专注,对方的冰属性攻击力在2回合内下降16点。对方自身弃置1张手牌。自己的冰属性防御力在1回合内上升14点。
冰虚弱・自我破坏・恢复,对方的冰属性攻击力在2回合内下降14点。这张卡被弃置时，对方自身弃置1张手牌。自己的生命值在3回合内回复6点。
冰专注,这张卡被弃置时，自己的冰属性防御力在1回合内上升22点。
冰专注,这张卡被弃置时，自己的冰属性防御力在2回合内上升15点。
冰专注,自己的冰属性防御力在1回合内上升22点。
冰专注,自己的冰属性防御力在2回合内上升15点。
冰专注,自己的冰属性防御力在3回合内上升8点。
冰专注・冰暴击,自己的冰属性防御力在3回合内上升5点。对对方造成1点冰属性暴击。
冰专注・冰弱点,这张卡被弃置时，自己的冰属性防御力在1回合内上升14点。对方的冰属性防御力在4回合内下降3点。
冰专注・冰弱点,自己的冰属性防御力在3回合内上升4点。对方的冰属性防御力在4回合内下降4点。
冰专注・冰虚弱,自己的冰属性防御力在3回合内上升5点。对方的冰属性攻击力在2回合内下降8点。
冰专注・攻击,对对方造成10点伤害。自己的冰属性防御力在1回合内上升8点。
冰专注・攻击,对对方造成10点伤害。自己的冰属性防御力在2回合内上升5点。
冰专注・攻击,对对方造成10点伤害。自己的冰属性防御力在3回合内上升2点。
冰专注・攻击,对对方造成8点伤害。自己的冰属性防御力在3回合内上升4点。
冰专注・攻击,对对方造成9点伤害。这张卡被弃置时，自己的冰属性防御力在3回合内上升3点。
冰专注・攻击,自己的冰属性防御力在2回合内上升10点。对对方造成5点伤害。
冰专注・攻击,自己的冰属性防御力在3回合内上升4点。对对方造成6点伤害。
冰专注・回复,自己的冰属性防御力在2回合内上升10点。自己的生命值回复5点。
冰专注・回复,自己的冰属性防御力在2回合内上升9点。自己的生命值回复6点。
冰专注・雷暴击,自己的冰属性防御力在2回合内上升10点。对对方造成1点雷属性暴击。
冰专注・雷击,对对方造成10点雷属性伤害。自己的冰属性防御力在2回合内上升5点。
冰专注・雷力量,自己的冰属性防御力在3回合内上升4点。自己的雷属性攻击力在2回合内上升7点。
冰专注・雷虚弱,自己的冰属性防御力在2回合内上升9点。对方的雷属性攻击力在3回合内下降6点。
冰专注・力量,自己的冰属性防御力在1回合内上升15点。这张卡被弃置时，自己的攻击力在2回合内上升5点。
冰专注・力量,自己的冰属性防御力在3回合内上升4点。自己的攻击力在2回合内上升7点。
冰专注・破击,对对方造成3点无视防御伤害。自己的冰属性防御力在1回合内上升9点。
冰专注・手牌破坏,自己的冰属性防御力在2回合内上升10点。对方随机弃置1张手牌。
冰专注・贪欲,这张卡被弃置时，自己的冰属性防御力在1回合内上升15点。自己从牌堆抽1张牌。
冰专注・贪欲,自己的冰属性防御力在1回合内上升15点。自己从牌堆抽1张牌。
冰专注・贪欲,自己的冰属性防御力在3回合内上升4点。自己从牌堆抽1张牌。
冰专注・销毁,这张卡被弃置时，自己的冰属性防御力在2回合内上升25点。这张卡使用后被驱逐。
冰专注・心灵透视・破击,对对方造成4点无视防御伤害。这张卡被弃置时，对方的冰属性防御力在2回合内上升6点。确认对方手卡并弃置1张手牌。
冰专注・虚弱,自己的冰属性防御力在2回合内上升10点。对方的攻击力在3回合内下降5点。
冰专注・虚弱,自己的冰属性防御力在3回合内上升5点。对方的攻击力在2回合内下降8点。
冰专注・炎击,自己的冰属性防御力在1回合内上升12点。对对方造成7点炎属性伤害。
冰专注・炎击,自己的冰属性防御力在2回合内上升9点。对对方造成6点炎属性伤害。
冰专注・炎击,自己的冰属性防御力在2回合内上升9点。这张卡被弃置时，对对方造成6点炎属性伤害。
冰专注・炎力量,自己的冰属性防御力在1回合内上升14点。这张卡被弃置时，自己的炎属性攻击力在3回合内上升3点。
冰专注・炎弱点,自己的冰属性防御力在2回合内上升8点。对方的炎属性防御力在2回合内下降10点。
冰专注・专注,自己的冰属性防御力在1回合内上升15点。自己的防御力在3回合内上升2点。
冰专注・专注,自己的冰属性防御力在2回合内上升10点。自己的防御力在3回合内上升2点。
冰专注・专注,自己的冰属性防御力在3回合内上升5点。自己的防御力在2回合内上升5点。
攻击,对对方造成15点伤害。
攻击,这张卡被弃置时，对对方造成15点伤害。
攻击・冰暴击,对对方造成10点伤害。对对方造成1点冰属性暴击。
攻击・冰暴击,对对方造成9点伤害。对对方造成2点冰属性暴击。
攻击・冰暴击,对对方造成9点伤害。这张卡被弃置时，对对方造成2点冰属性暴击。
攻击・冰暴击,对自己造成9点伤害。对对方造成8点冰属性暴击。
攻击・冰击,对对方造成10点伤害。对对方造成5点冰属性伤害。
攻击・冰击,对对方造成10点伤害。这张卡被弃置时，对对方造成5点冰属性伤害。
攻击・冰击,对对方造成8点伤害。对对方造成7点冰属性伤害。
攻击・冰击,对对方造成9点伤害。对对方造成6点冰属性伤害。
攻击・冰击,对对方造成9点伤害。这张卡被弃置时，对对方造成6点冰属性伤害。
攻击・冰击,这张卡被弃置时，对对方造成10点伤害。对对方造成5点冰属性伤害。
攻击・雷暴击,对对方造成10点伤害。对对方造成1点雷属性暴击。
攻击・雷暴击,对对方造成9点伤害。对对方造成2点雷属性暴击。
攻击・雷暴击,对对方造成9点伤害。这张卡被弃置时，对对方造成2点雷属性暴击。
攻击・雷击,对对方造成10点伤害。对对方造成5点雷属性伤害。
攻击・雷击,对对方造成10点伤害。这张卡被弃置时，对对方造成5点雷属性伤害。
攻击・雷击,对对方造成9点伤害。对对方造成6点雷属性伤害。
攻击・雷击,这张卡被弃置时，对对方造成10点伤害。对对方造成5点雷属性伤害。
攻击・破击,对对方造成10点伤害。对对方造成1点无视防御伤害。
攻击・破击,对对方造成10点伤害。这张卡被弃置时，对对方造成1点无视防御伤害。
攻击・破击,对对方造成9点伤害。对对方造成2点无视防御伤害。
攻击・破击,这张卡被弃置时，对对方造成9点伤害。对对方造成2点无视防御伤害。
攻击・炎暴击,对对方造成10点伤害。对对方造成1点炎属性暴击。
攻击・炎暴击,对对方造成9点伤害。对对方造成2点炎属性暴击。
攻击・炎击,对对方造成10点伤害。对对方造成5点炎属性伤害。
攻击・炎击,对对方造成10点伤害。这张卡被弃置时，对对方造成5点炎属性伤害。
攻击・炎击,对对方造成9点伤害。对对方造成6点炎属性伤害。
攻击・炎击,这张卡被弃置时，对对方造成10点伤害。对对方造成5点炎属性伤害。
攻击・炎击,这张卡被弃置时，对对方造成9点伤害。对对方造成6点炎属性伤害。
攻击・炎击,这张卡被弃置时，对对方造成9点伤害。这张卡被弃置时，对对方造成6点炎属性伤害。
恢复,这张卡被弃置时，自己的生命值在1回合内回复22点。
恢复,这张卡被弃置时，自己的生命值在3回合内回复8点。
恢复,自己的生命值在1回合内回复22点。
恢复,自己的生命值在2回合内回复15点。
恢复,自己的生命值在3回合内回复8点。
恢复・冰击,对对方造成10点冰属性伤害。这张卡被弃置时，自己的生命值在2回合内回复5点。
恢复・冰击,对对方造成9点冰属性伤害。自己的生命值在1回合内回复9点。
恢复・冰击,这张卡被弃置时，自己的生命值在1回合内回复12点。对对方造成7点冰属性伤害。
恢复・冰击,自己的生命值在2回合内回复9点。对对方造成6点冰属性伤害。
恢复・冰弱点,自己的生命值在2回合内回复9点。对方的冰属性防御力在2回合内下降9点。
恢复・冰弱点・攻击,对自己造成8点伤害。自己的生命值在3回合内回复8点。对方的冰属性防御力在2回合内下降12点。
恢复・冰虚弱,自己的生命值在3回合内回复5点。对方的冰属性攻击力在3回合内下降5点。
恢复・冰专注,自己的生命值在1回合内回复15点。自己的冰属性防御力在2回合内上升5点。
恢复・冰专注,自己的生命值在2回合内回复9点。自己的冰属性防御力在3回合内上升3点。
恢复・冰专注,自己的生命值在3回合内回复4点。自己的冰属性防御力在3回合内上升4点。
恢复・攻击,对对方造成10点伤害。自己的生命值在1回合内回复8点。
恢复・攻击,对对方造成10点伤害。自己的生命值在2回合内回复5点。
恢复・攻击,对对方造成10点伤害。自己的生命值在3回合内回复2点。
恢复・攻击,对对方造成8点伤害。自己的生命值在1回合内回复10点。
恢复・攻击,对对方造成8点伤害。自己的生命值在3回合内回复4点。
恢复・攻击,对对方造成9点伤害。自己的生命值在1回合内回复9点。
恢复・攻击,对对方造成9点伤害。自己的生命值在2回合内回复6点。
恢复・攻击,对自己造成8点伤害。这张卡被弃置时，自己的生命值在3回合内回复12点。
恢复・攻击,这张卡被弃置时，自己的生命值在2回合内回复10点。对对方造成5点伤害。
恢复・攻击,自己的生命值在1回合内回复14点。对对方造成6点伤害。
恢复・攻击,自己的生命值在1回合内回复14点。这张卡被弃置时，对对方造成6点伤害。
恢复・攻击,自己的生命值在1回合内回复15点。对对方造成5点伤害。
恢复・攻击,自己的生命值在1回合内回复15点。这张卡被弃置时，对对方造成5点伤害。
恢复・攻击,自己的生命值在1回合内回复9点。对对方造成9点伤害。
恢复・攻击,自己的生命值在2回合内回复10点。对对方造成5点伤害。
恢复・攻击,自己的生命值在2回合内回复8点。这张卡被弃置时，对对方造成7点伤害。
恢复・攻击,自己的生命值在2回合内回复9点。对对方造成6点伤害。
恢复・攻击,自己的生命值在3回合内回复4点。对对方造成6点伤害。
恢复・攻击,自己的生命值在3回合内回复4点。对对方造成7点伤害。
恢复・攻击・雷暴击,对对方造成9点伤害。对方的生命值在2回合内回复8点。对对方造成4点雷属性暴击。
恢复・攻击・雷击,对方的生命值在3回合内回复9点。对对方造成16点伤害。对对方造成10点雷属性伤害。
恢复・回复,自己的生命值在1回合内回复14点。自己的生命值回复6点。
恢复・回复,自己的生命值在1回合内回复15点。自己的生命值回复5点。
恢复・回复,自己的生命值在2回合内回复10点。自己的生命值回复5点。
恢复・回复,自己的生命值在3回合内回复4点。自己的生命值回复6点。
恢复・回复,自己的生命值在3回合内回复5点。自己的生命值回复5点。
恢复・回复・冰击,对对方造成9点冰属性伤害。对方的生命值在4回合内回复2点。自己的生命值回复12点。
恢复・回复・攻击,对方的生命值在3回合内回复10点。对对方造成17点伤害。自己的生命值回复10点。
恢复・机会・攻击,对对方造成10点伤害。对方的生命值在4回合内回复2点。出牌阶段增加一次出牌机会。
恢复・雷击,对对方造成10点雷属性伤害。自己的生命值在1回合内回复8点。
恢复・雷击,对对方造成9点雷属性伤害。自己的生命值在1回合内回复9点。
恢复・雷力量,自己的生命值在3回合内回复4点。自己的雷属性攻击力在2回合内上升6点。
恢复・雷弱点,自己的生命值在3回合内回复5点。这张卡被弃置时，对方的雷属性防御力在2回合内下降8点。
恢复・雷弱点・攻击,对自己造成9点伤害。自己的生命值在1回合内回复28点。对方的雷属性防御力在3回合内下降7点。
恢复・雷虚弱・雷弱点,这张卡被弃置时，自己的生命值在1回合内回复18点。自己的雷属性攻击力在2回合内下降5点。对方的雷属性防御力在4回合内下降4点。
恢复・雷专注,这张卡被弃置时，自己的生命值在2回合内回复10点。自己的雷属性防御力在2回合内上升5点。
恢复・雷专注,自己的生命值在2回合内回复7点。自己的雷属性防御力在3回合内上升4点。
恢复・雷专注,自己的生命值在3回合内回复4点。自己的雷属性防御力在2回合内上升6点。
恢复・雷专注,自己的生命值在3回合内回复5点。自己的雷属性防御力在3回合内上升2点。
恢复・力量,自己的生命值在2回合内回复10点。自己的攻击力在2回合内上升5点。
恢复・力量,自己的生命值在2回合内回复9点。自己的攻击力在3回合内上升3点。
恢复・力量,自己的生命值在3回合内回复5点。自己的攻击力在2回合内上升5点。
恢复・牌堆销毁・攻击,对对方造成10点伤害。对方的生命值在3回合内回复4点。这张卡被弃置时，驱逐对方的1张牌堆的牌。
恢复・牌堆销毁・攻击,对自己造成9点伤害。自己的生命值在3回合内回复8点。驱逐对方的1张牌堆的牌。
恢复・破击,对对方造成3点无视防御伤害。自己的生命值在2回合内回复5点。
恢复・破击,对对方造成3点无视防御伤害。自己的生命值在3回合内回复3点。
恢复・破击,这张卡被弃置时，自己的生命值在1回合内回复15点。对对方造成1点无视防御伤害。
恢复・弃置销毁・雷击,对自己造成8点雷属性伤害。自己的生命值在2回合内回复15点。驱逐对方的1张弃置区的牌。
恢复・弱点,自己的生命值在1回合内回复14点。对方的防御力在2回合内下降9点。
恢复・弱点,自己的生命值在1回合内回复15点。对方的防御力在4回合内下降2点。
恢复・弱点,自己的生命值在3回合内回复5点。对方的防御力在2回合内下降8点。
恢复・手牌破坏,自己的生命值在1回合内回复15点。对方随机弃置1张手牌。
恢复・手牌破坏,自己的生命值在3回合内回复5点。对方随机弃置1张手牌。
恢复・手牌销毁・专注,对方的生命值在2回合内回复15点。驱逐对方的1张手牌。这张卡被弃置时，自己的防御力在3回合内上升6点。
恢复・贪欲,这张卡被弃置时，自己的生命值在2回合内回复9点。自己从牌堆抽1张牌。
恢复・贪欲,这张卡被弃置时，自己的生命值在3回合内回复5点。自己从牌堆抽1张牌。
恢复・贪欲,自己的生命值在1回合内回复12点。自己从牌堆抽1张牌。
恢复・贪欲,自己的生命值在2回合内回复10点。自己从牌堆抽1张牌。
恢复・贪欲,自己的生命值在2回合内回复9点。自己从牌堆抽1张牌。
恢复・贪欲・冰击,对方的生命值在3回合内回复10点。对对方造成18点冰属性伤害。自己从牌堆抽1张牌。
恢复・销毁・专注,自己的生命值在1回合内回复18点。这张卡使用后被驱逐。自己的防御力在1回合内上升14点。
恢复・虚弱,这张卡被弃置时，自己的生命值在2回合内回复10点。对方的攻击力在4回合内下降2点。
恢复・虚弱,自己的生命值在1回合内回复15点。对方的攻击力在2回合内下降8点。
恢复・虚弱・攻击,对方的生命值在2回合内回复12点。对对方造成14点伤害。对方的攻击力在3回合内下降11点。
恢复・虚弱・专注,自己的生命值在2回合内回复9点。自己的攻击力在3回合内下降2点。自己的防御力在1回合内上升18点。
恢复・炎暴击,对对方造成3点炎属性暴击。自己的生命值在2回合内回复5点。
恢复・炎击,对对方造成9点炎属性伤害。自己的生命值在3回合内回复3点。
恢复・炎击,自己的生命值在2回合内回复10点。对对方造成5点炎属性伤害。
恢复・炎击,自己的生命值在3回合内回复4点。对对方造成7点炎属性伤害。
恢复・炎力量,自己的生命值在3回合内回复5点。自己的炎属性攻击力在2回合内上升5点。
恢复・炎虚弱,自己的生命值在3回合内回复4点。对方的炎属性攻击力在3回合内下降7点。
恢复・炎专注,自己的生命值在1回合内回复14点。自己的炎属性防御力在3回合内上升3点。
恢复・炎专注,自己的生命值在2回合内回复9点。自己的炎属性防御力在2回合内上升6点。
恢复・炎专注,自己的生命值在3回合内回复3点。自己的炎属性防御力在1回合内上升14点。
恢复・专注,自己的生命值在1回合内回复12点。自己的防御力在1回合内上升10点。
恢复・专注,自己的生命值在2回合内回复10点。自己的防御力在3回合内上升2点。
恢复・专注,自己的生命值在2回合内回复9点。自己的防御力在2回合内上升6点。
恢复・专注,自己的生命值在3回合内回复4点。自己的防御力在3回合内上升3点。
恢复・专注,自己的生命值在3回合内回复5点。自己的防御力在3回合内上升2点。
恢复・专注・冰弱点,对方的生命值在2回合内回复12点。自己的防御力在3回合内上升8点。对方的冰属性防御力在2回合内下降12点。
恢复・自我破坏,自己的生命值在3回合内回复10点。对方自身弃置1张手牌。
恢复・自我破坏,自己的生命值在3回合内回复5点。这张卡被弃置时，自己自身弃置1张手牌。
恢复・自我破坏・攻击,自己的生命值在3回合内回复4点。对方自身弃置1张手牌。对对方造成9点伤害。
恢复・自我破坏・回复,自己的生命值在3回合内回复4点。对方自身弃置1张手牌。自己的生命值回复9点。
恢复・自我破坏・力量,自己的生命值在1回合内回复16点。对方自身弃置1张手牌。自己的攻击力在1回合内上升14点。
恢复・自我破坏・炎击,自己的生命值在1回合内回复18点。对方自身弃置1张手牌。对对方造成7点炎属性伤害。
回复,这张卡被弃置时，自己的生命值回复15点。
回复,自己的生命值回复15点。
回复・冰暴击,对对方造成2点冰属性暴击。自己的生命值回复7点。
回复・冰暴击,自己的生命值回复10点。对对方造成1点冰属性暴击。
回复・冰击,对对方造成10点冰属性伤害。自己的生命值回复5点。
回复・冰击,对对方造成8点冰属性伤害。自己的生命值回复7点。
回复・冰击,对对方造成9点冰属性伤害。这张卡被弃置时，自己的生命值回复6点。
回复・冰击,这张卡被弃置时，对对方造成10点冰属性伤害。自己的生命值回复5点。
回复・冰击,自己的生命值回复10点。对对方造成5点冰属性伤害。
回复・冰击,自己的生命值回复9点。对对方造成6点冰属性伤害。
回复・冰弱点,自己的生命值回复10点。对方的冰属性防御力在3回合内下降5点。
回复・冰弱点,自己的生命值回复9点。对方的冰属性防御力在2回合内下降9点。
回复・冰专注,自己的生命值回复10点。自己的冰属性防御力在1回合内上升8点。
回复・攻击,对对方造成10点伤害。这张卡被弃置时，自己的生命值回复5点。
回复・攻击,对对方造成10点伤害。自己的生命值回复5点。
回复・攻击,对对方造成8点伤害。自己的生命值回复7点。
回复・攻击,对对方造成9点伤害。自己的生命值回复6点。
回复・攻击,自己的生命值回复10点。对对方造成5点伤害。
回复・攻击,自己的生命值回复9点。对对方造成6点伤害。
回复・恢复,这张卡被弃置时，自己的生命值回复10点。自己的生命值在2回合内回复5点。
回复・恢复,自己的生命值回复10点。自己的生命值在2回合内回复5点。
回复・机会・攻击,对方的生命值回复9点。出牌阶段增加一次出牌机会。对对方造成16点伤害。
回复・机会・攻击,这张卡被弃置时，对对方造成11点伤害。对方的生命值回复5点。出牌阶段增加一次出牌机会。
回复・雷暴击,自己的生命值回复10点。对对方造成1点雷属性暴击。
回复・雷暴击,自己的生命值回复9点。对对方造成2点雷属性暴击。
回复・雷击,对对方造成10点雷属性伤害。自己的生命值回复5点。
回复・雷击,对对方造成9点雷属性伤害。这张卡被弃置时，自己的生命值回复6点。
回复・雷击,对对方造成9点雷属性伤害。自己的生命值回复6点。
回复・雷力量・攻击,对自己造成8点伤害。自己的生命值回复17点。自己的雷属性攻击力在2回合内上升8点。
回复・雷弱点,自己的生命值回复10点。对方的雷属性防御力在4回合内下降2点。
回复・雷弱点・机会,自己的生命值回复10点。自己的雷属性防御力在2回合内下降4点。出牌阶段增加一次出牌机会。
回复・雷虚弱,自己的生命值回复10点。对方的雷属性攻击力在3回合内下降5点。
回复・雷虚弱・攻击,对自己造成10点伤害。自己的生命值回复22点。对方的雷属性攻击力在3回合内下降5点。
回复・雷专注,自己的生命值回复10点。自己的雷属性防御力在1回合内上升8点。
回复・雷专注,自己的生命值回复10点。自己的雷属性防御力在2回合内上升5点。
回复・雷专注,自己的生命值回复10点。自己的雷属性防御力在3回合内上升2点。
回复・力量,自己的生命值回复10点。自己的攻击力在2回合内上升5点。
回复・力量,自己的生命值回复9点。自己的攻击力在2回合内上升6点。
回复・力量・自我破坏,自己的生命值回复3点。自己的攻击力在2回合内上升7点。自己自身弃置1张手牌。
回复・破击,对对方造成2点无视防御伤害。自己的生命值回复7点。
回复・破击,对对方造成3点无视防御伤害。自己的生命值回复5点。
回复・破击,这张卡被弃置时，对对方造成3点无视防御伤害。自己的生命值回复5点。
回复・破击,自己的生命值回复9点。对对方造成2点无视防御伤害。
回复・弱点,自己的生命值回复9点。对方的防御力在3回合内下降6点。
回复・手牌破坏,自己的生命值回复10点。对方随机弃置1张手牌。
回复・手牌破坏,自己的生命值回复10点。这张卡被弃置时，对方随机弃置1张手牌。
回复・贪欲,自己的生命值回复10点。自己从牌堆抽1张牌。
回复・贪欲,自己的生命值回复8点。自己从牌堆抽1张牌。
回复・贪欲・力量,自己的生命值回复9点。对方从牌堆抽1张牌。自己的攻击力在2回合内上升11点。
回复・销毁・冰虚弱・冰击,自己的生命值回复11点。这张卡使用后被驱逐。对对方造成7点冰属性伤害。对方的冰属性攻击力在4回合内下降4点。
回复・销毁・攻击,自己的生命值回复12点。这张卡使用后被驱逐。对对方造成13点伤害。
回复・销毁・攻击・冰击,自己的生命值回复8点。这张卡使用后被驱逐。对对方造成11点伤害。对对方造成6点冰属性伤害。
回复・销毁・雷虚弱,自己的生命值回复9点。这张卡使用后被驱逐。对方的雷属性攻击力在4回合内下降8点。
回复・销毁・牌堆销毁,自己的生命值回复15点。这张卡使用后被驱逐。驱逐对方的1张牌堆的牌。
回复・销毁・弃置销毁,自己的生命值回复15点。这张卡使用后被驱逐。驱逐对方的1张弃置区的牌。
回复・销毁・手牌破坏,自己的生命值回复13点。这张卡使用后被驱逐。对方随机弃置1张手牌。
回复・销毁・虚弱,自己的生命值回复10点。这张卡使用后被驱逐。对方的攻击力在2回合内下降16点。
回复・虚弱,这张卡被弃置时，自己的生命值回复10点。对方的攻击力在3回合内下降5点。
回复・虚弱,自己的生命值回复10点。对方的攻击力在4回合内下降2点。
回复・虚弱,自己的生命值回复9点。对方的攻击力在2回合内下降9点。
回复・炎击,对对方造成7点炎属性伤害。自己的生命值回复8点。
回复・炎击,对对方造成9点炎属性伤害。自己的生命值回复6点。
回复・炎击,自己的生命值回复10点。对对方造成5点炎属性伤害。
回复・炎击,自己的生命值回复9点。对对方造成6点炎属性伤害。
回复・炎力量,自己的生命值回复9点。自己的炎属性攻击力在3回合内上升3点。
回复・炎力量・攻击,对方的生命值回复10点。自己的炎属性攻击力在3回合内上升9点。对对方造成10点伤害。
回复・炎弱点,自己的生命值回复10点。对方的炎属性防御力在3回合内下降5点。
回复・炎虚弱,这张卡被弃置时，自己的生命值回复10点。对方的炎属性攻击力在2回合内下降8点。
回复・炎虚弱,自己的生命值回复10点。对方的炎属性攻击力在2回合内下降8点。
回复・炎专注,这张卡被弃置时，自己的生命值回复10点。自己的炎属性防御力在2回合内上升5点。
回复・炎专注,自己的生命值回复9点。自己的炎属性防御力在2回合内上升6点。
回复・炎专注・冰弱点,对方的生命值回复10点。自己的炎属性防御力在2回合内上升18点。对方的冰属性防御力在3回合内下降9点。
回复・炎专注・机会,自己的生命值回复10点。对方的炎属性防御力在4回合内上升2点。出牌阶段增加一次出牌机会。
回复・专注,自己的生命值回复10点。自己的防御力在1回合内上升8点。
回复・专注,自己的生命值回复10点。自己的防御力在2回合内上升5点。
回复・专注,自己的生命值回复10点。自己的防御力在3回合内上升2点。
回复・专注,自己的生命值回复9点。自己的防御力在2回合内上升6点。
回复・专注,自己的生命值回复9点。自己的防御力在3回合内上升3点。
回复・专注・冰暴击,对对方造成3点冰属性暴击。对方的生命值回复5点。自己的防御力在1回合内上升18点。
回复・自我破坏・冰专注,自己的生命值回复12点。对方自身弃置1张手牌。自己的冰属性防御力在2回合内上升7点。
回复・自我破坏・攻击,自己的生命值回复10点。对方自身弃置1张手牌。对对方造成10点伤害。
回复・自我破坏・攻击,自己的生命值回复9点。对方自身弃置1张手牌。对对方造成7点伤害。
回复・自我破坏・虚弱,自己的生命值回复10点。对方自身弃置1张手牌。对方的攻击力在4回合内下降5点。
回复・自我破坏・专注,这张卡被弃置时，自己的生命值回复13点。对方自身弃置1张手牌。自己的防御力在3回合内上升4点。
机会・冰暴击,这张卡被弃置时，出牌阶段增加一次出牌机会。对对方造成1点冰属性暴击。
机会・冰击,出牌阶段增加一次出牌机会。对对方造成5点冰属性伤害。
机会・冰击,这张卡被弃置时，出牌阶段增加一次出牌机会。对对方造成5点冰属性伤害。
机会・冰力量,出牌阶段增加一次出牌机会。自己的冰属性攻击力在1回合内上升8点。
机会・冰力量,出牌阶段增加一次出牌机会。自己的冰属性攻击力在2回合内上升5点。
机会・冰弱点,出牌阶段增加一次出牌机会。对方的冰属性防御力在2回合内下降8点。
机会・冰弱点,出牌阶段增加一次出牌机会。对方的冰属性防御力在3回合内下降5点。
机会・冰弱点,出牌阶段增加一次出牌机会。对方的冰属性防御力在4回合内下降2点。
机会・冰弱点,出牌阶段增加一次出牌机会。这张卡被弃置时，对方的冰属性防御力在2回合内下降8点。
机会・冰虚弱,出牌阶段增加一次出牌机会。对方的冰属性攻击力在2回合内下降8点。
机会・冰虚弱,出牌阶段增加一次出牌机会。对方的冰属性攻击力在3回合内下降5点。
机会・冰虚弱,出牌阶段增加一次出牌机会。对方的冰属性攻击力在4回合内下降2点。
机会・冰虚弱,这张卡被弃置时，出牌阶段增加一次出牌机会。对方的冰属性攻击力在4回合内下降2点。
机会・冰专注,出牌阶段增加一次出牌机会。这张卡被弃置时，自己的冰属性防御力在3回合内上升2点。
机会・冰专注,出牌阶段增加一次出牌机会。自己的冰属性防御力在1回合内上升8点。
机会・冰专注,出牌阶段增加一次出牌机会。自己的冰属性防御力在2回合内上升5点。
机会・冰专注,出牌阶段增加一次出牌机会。自己的冰属性防御力在3回合内上升2点。
机会・冰专注・攻击,出牌阶段增加一次出牌机会。对方的冰属性防御力在3回合内上升4点。对对方造成10点伤害。
机会・攻击,出牌阶段增加一次出牌机会。对对方造成5点伤害。
机会・攻击,出牌阶段增加一次出牌机会。这张卡被弃置时，对对方造成5点伤害。
机会・攻击,这张卡被弃置时，出牌阶段增加一次出牌机会。对对方造成5点伤害。
机会・恢复,出牌阶段增加一次出牌机会。自己的生命值在1回合内回复8点。
机会・恢复,出牌阶段增加一次出牌机会。自己的生命值在2回合内回复5点。
机会・恢复,出牌阶段增加一次出牌机会。自己的生命值在3回合内回复2点。
机会・恢复,这张卡被弃置时，出牌阶段增加一次出牌机会。自己的生命值在1回合内回复8点。
机会・恢复,这张卡被弃置时，出牌阶段增加一次出牌机会。自己的生命值在3回合内回复2点。
机会・恢复・雷击,对自己造成7点雷属性伤害。出牌阶段增加一次出牌机会。自己的生命值在2回合内回复14点。
机会・回复,出牌阶段增加一次出牌机会。这张卡被弃置时，自己的生命值回复5点。
机会・回复,出牌阶段增加一次出牌机会。自己的生命值回复5点。
机会・回复,这张卡被弃置时，出牌阶段增加一次出牌机会。自己的生命值回复5点。
机会・回复・力量,出牌阶段增加一次出牌机会。对方的生命值回复4点。自己的攻击力在2回合内上升10点。
机会・雷击,出牌阶段增加一次出牌机会。对对方造成5点雷属性伤害。
机会・雷击,这张卡被弃置时，出牌阶段增加一次出牌机会。对对方造成5点雷属性伤害。
机会・雷力量,出牌阶段增加一次出牌机会。自己的雷属性攻击力在1回合内上升8点。
机会・雷力量,出牌阶段增加一次出牌机会。自己的雷属性攻击力在2回合内上升5点。
机会・雷力量,这张卡被弃置时，出牌阶段增加一次出牌机会。自己的雷属性攻击力在2回合内上升5点。
机会・雷弱点,出牌阶段增加一次出牌机会。对方的雷属性防御力在2回合内下降8点。
机会・雷弱点,出牌阶段增加一次出牌机会。对方的雷属性防御力在3回合内下降5点。
机会・雷弱点,出牌阶段增加一次出牌机会。这张卡被弃置时，对方的雷属性防御力在2回合内下降8点。
机会・雷虚弱,出牌阶段增加一次出牌机会。对方的雷属性攻击力在2回合内下降8点。
机会・雷虚弱,出牌阶段增加一次出牌机会。对方的雷属性攻击力在4回合内下降2点。
机会・雷虚弱,出牌阶段增加一次出牌机会。这张卡被弃置时，对方的雷属性攻击力在3回合内下降5点。
机会・雷虚弱,这张卡被弃置时，出牌阶段增加一次出牌机会。对方的雷属性攻击力在4回合内下降2点。
机会・雷专注,出牌阶段增加一次出牌机会。这张卡被弃置时，自己的雷属性防御力在3回合内上升2点。
机会・雷专注,出牌阶段增加一次出牌机会。自己的雷属性防御力在1回合内上升8点。
机会・雷专注,出牌阶段增加一次出牌机会。自己的雷属性防御力在2回合内上升5点。
机会・力量,出牌阶段增加一次出牌机会。这张卡被弃置时，自己的攻击力在1回合内上升8点。
机会・力量,出牌阶段增加一次出牌机会。这张卡被弃置时，自己的攻击力在2回合内上升5点。
机会・力量,出牌阶段增加一次出牌机会。自己的攻击力在1回合内上升8点。
机会・力量,出牌阶段增加一次出牌机会。自己的攻击力在2回合内上升5点。
机会・力量,出牌阶段增加一次出牌机会。自己的攻击力在3回合内上升2点。
机会・力量,这张卡被弃置时，出牌阶段增加一次出牌机会。自己的攻击力在3回合内上升2点。
机会・力量・自我破坏・手牌销毁,出牌阶段增加一次出牌机会。对方的攻击力在3回合内上升4点。对方自身弃置1张手牌。这张卡被弃置时，驱逐对方的1张手牌。
机会・破击,出牌阶段增加一次出牌机会。对对方造成1点无视防御伤害。
机会・破击,出牌阶段增加一次出牌机会。这张卡被弃置时，对对方造成1点无视防御伤害。
机会・破击,这张卡被弃置时，出牌阶段增加一次出牌机会。这张卡被弃置时，对对方造成1点无视防御伤害。
机会・破击・攻击,出牌阶段增加一次出牌机会。对自己造成1点无视防御伤害。对对方造成10点伤害。
机会・弱点,出牌阶段增加一次出牌机会。对方的防御力在2回合内下降8点。
机会・弱点,出牌阶段增加一次出牌机会。对方的防御力在3回合内下降5点。
机会・弱点,出牌阶段增加一次出牌机会。对方的防御力在4回合内下降2点。
机会・弱点,出牌阶段增加一次出牌机会。这张卡被弃置时，对方的防御力在4回合内下降2点。
机会・弱点・攻击,对自己造成9点伤害。出牌阶段增加一次出牌机会。对方的防御力在4回合内下降8点。
机会・手牌破坏,出牌阶段增加一次出牌机会。对方随机弃置1张手牌。
机会・手牌破坏,出牌阶段增加一次出牌机会。这张卡被弃置时，对方随机弃置1张手牌。
机会・手牌破坏,这张卡被弃置时，出牌阶段增加一次出牌机会。对方随机弃置1张手牌。
机会・贪欲,出牌阶段增加一次出牌机会。这张卡被弃置时，自己从牌堆抽1张牌。
机会・贪欲,出牌阶段增加一次出牌机会。自己从牌堆抽1张牌。
机会・贪欲,这张卡被弃置时，出牌阶段增加一次出牌机会。自己从牌堆抽1张牌。
机会・贪欲・攻击,出牌阶段增加一次出牌机会。对方从牌堆抽1张牌。对对方造成10点伤害。
机会・贪欲・炎击,出牌阶段增加一次出牌机会。对自己造成4点炎属性伤害。自己从牌堆抽1张牌。
机会・销毁・雷虚弱,出牌阶段增加一次出牌机会。这张卡使用后被驱逐。对方的雷属性攻击力在3回合内下降12点。
机会・销毁・力量,出牌阶段增加一次出牌机会。这张卡使用后被驱逐。自己的攻击力在3回合内上升6点。
机会・销毁・牌堆销毁・攻击,出牌阶段增加一次出牌机会。这张卡使用后被驱逐。驱逐对方的1张牌堆的牌。对对方造成5点伤害。
机会・销毁・弱点・破击,出牌阶段增加一次出牌机会。这张卡使用后被驱逐。对方的防御力在3回合内下降9点。这张卡被弃置时，对对方造成2点无视防御伤害。
机会・销毁・贪欲,出牌阶段增加一次出牌机会。这张卡使用后被驱逐。自己从牌堆抽1张牌。
机会・销毁・贪欲・弱点,出牌阶段增加一次出牌机会。这张卡使用后被驱逐。自己从牌堆抽1张牌。对方的防御力在2回合内下降9点。
机会・销毁・心灵透视・攻击,出牌阶段增加一次出牌机会。这张卡使用后被驱逐。确认对方手卡并弃置1张手牌。对对方造成7点伤害。
机会・销毁・炎击,出牌阶段增加一次出牌机会。这张卡使用后被驱逐。对对方造成11点炎属性伤害。
机会・销毁・炎专注,出牌阶段增加一次出牌机会。这张卡使用后被驱逐。这张卡被弃置时，自己的炎属性防御力在1回合内上升18点。
机会・销毁・炎专注・虚弱,出牌阶段增加一次出牌机会。这张卡使用后被驱逐。自己的炎属性防御力在2回合内上升9点。对方的攻击力在2回合内下降9点。
机会・销毁・专注,出牌阶段增加一次出牌机会。这张卡使用后被驱逐。自己的防御力在2回合内上升9点。
机会・销毁・专注,出牌阶段增加一次出牌机会。这张卡使用后被驱逐。自己的防御力在3回合内上升8点。
机会・虚弱,出牌阶段增加一次出牌机会。对方的攻击力在2回合内下降8点。
机会・虚弱,出牌阶段增加一次出牌机会。对方的攻击力在3回合内下降5点。
机会・虚弱,出牌阶段增加一次出牌机会。对方的攻击力在4回合内下降2点。
机会・虚弱,出牌阶段增加一次出牌机会。这张卡被弃置时，对方的攻击力在3回合内下降5点。
机会・虚弱,出牌阶段增加一次出牌机会。这张卡被弃置时，对方的攻击力在4回合内下降2点。
机会・虚弱,这张卡被弃置时，出牌阶段增加一次出牌机会。对方的攻击力在2回合内下降8点。
机会・虚弱,这张卡被弃置时，出牌阶段增加一次出牌机会。对方的攻击力在3回合内下降5点。
机会・虚弱・攻击,对自己造成8点伤害。出牌阶段增加一次出牌机会。这张卡被弃置时，对方的攻击力在2回合内下降22点。
机会・虚弱・贪欲・攻击,对自己造成10点伤害。出牌阶段增加一次出牌机会。对方的攻击力在4回合内下降6点。自己从牌堆抽1张牌。
机会・炎暴击,出牌阶段增加一次出牌机会。对对方造成1点炎属性暴击。
机会・炎击,出牌阶段增加一次出牌机会。对对方造成5点炎属性伤害。
机会・炎击,这张卡被弃置时，出牌阶段增加一次出牌机会。对对方造成5点炎属性伤害。
机会・炎力量,出牌阶段增加一次出牌机会。这张卡被弃置时，自己的炎属性攻击力在1回合内上升8点。
机会・炎弱点,出牌阶段增加一次出牌机会。对方的炎属性防御力在2回合内下降8点。
机会・炎弱点,出牌阶段增加一次出牌机会。对方的炎属性防御力在3回合内下降5点。
机会・炎弱点,出牌阶段增加一次出牌机会。对方的炎属性防御力在4回合内下降2点。
机会・炎虚弱,出牌阶段增加一次出牌机会。对方的炎属性攻击力在2回合内下降8点。
机会・炎虚弱,出牌阶段增加一次出牌机会。对方的炎属性攻击力在3回合内下降5点。
机会・炎虚弱,出牌阶段增加一次出牌机会。对方的炎属性攻击力在4回合内下降2点。
机会・炎专注,出牌阶段增加一次出牌机会。自己的炎属性防御力在1回合内上升8点。
机会・炎专注,出牌阶段增加一次出牌机会。自己的炎属性防御力在2回合内上升5点。
机会・炎专注,出牌阶段增加一次出牌机会。自己的炎属性防御力在3回合内上升2点。
机会・炎专注,这张卡被弃置时，出牌阶段增加一次出牌机会。自己的炎属性防御力在3回合内上升2点。
机会・专注,出牌阶段增加一次出牌机会。这张卡被弃置时，自己的防御力在3回合内上升2点。
机会・专注,出牌阶段增加一次出牌机会。自己的防御力在2回合内上升5点。
机会・专注,出牌阶段增加一次出牌机会。自己的防御力在3回合内上升2点。
机会・专注,这张卡被弃置时，出牌阶段增加一次出牌机会。自己的防御力在1回合内上升8点。
机会・专注,这张卡被弃置时，出牌阶段增加一次出牌机会。自己的防御力在2回合内上升5点。
机会・自我破坏,出牌阶段增加一次出牌机会。自己自身弃置1张手牌。
机会・自我破坏,这张卡被弃置时，出牌阶段增加一次出牌机会。自己自身弃置1张手牌。
机会・自我破坏・冰击,出牌阶段增加一次出牌机会。对方自身弃置1张手牌。对对方造成10点冰属性伤害。
机会・自我破坏・冰弱点,出牌阶段增加一次出牌机会。对方自身弃置1张手牌。这张卡被弃置时，对方的冰属性防御力在4回合内下降4点。
机会・自我破坏・攻击,出牌阶段增加一次出牌机会。对方自身弃置1张手牌。对对方造成10点伤害。
机会・自我破坏・回复,出牌阶段增加一次出牌机会。对方自身弃置1张手牌。自己的生命值回复8点。
机会・自我破坏・雷虚弱,出牌阶段增加一次出牌机会。对方自身弃置1张手牌。这张卡被弃置时，对方的雷属性攻击力在3回合内下降10点。
机会・自我破坏・雷专注,出牌阶段增加一次出牌机会。对方自身弃置1张手牌。自己的雷属性防御力在2回合内上升10点。
机会・自我破坏・牌堆销毁,出牌阶段增加一次出牌机会。对方自身弃置1张手牌。驱逐对方的1张牌堆的牌。
机会・自我破坏・牌堆销毁,这张卡被弃置时，出牌阶段增加一次出牌机会。对方自身弃置1张手牌。驱逐对方的1张牌堆的牌。
机会・自我破坏・弃置销毁,这张卡被弃置时，出牌阶段增加一次出牌机会。对方自身弃置1张手牌。驱逐对方的1张弃置区的牌。
机会・自我破坏・弱点,出牌阶段增加一次出牌机会。对方自身弃置1张手牌。对方的防御力在2回合内下降14点。
机会・自我破坏・手牌破坏・冰弱点,出牌阶段增加一次出牌机会。对方自身弃置1张手牌。对方随机弃置1张手牌。对方的冰属性防御力在2回合内下降8点。
机会・自我破坏・手牌破坏・破击,出牌阶段增加一次出牌机会。对方自身弃置1张手牌。对方随机弃置1张手牌。对对方造成1点无视防御伤害。
机会・自我破坏・心灵透视,出牌阶段增加一次出牌机会。对方自身弃置1张手牌。确认对方手卡并弃置1张手牌。
机会・自我破坏・虚弱,出牌阶段增加一次出牌机会。对方自身弃置1张手牌。对方的攻击力在3回合内下降10点。
机会・自我破坏・虚弱,出牌阶段增加一次出牌机会。对方自身弃置1张手牌。这张卡被弃置时，对方的攻击力在3回合内下降9点。
机会・自我破坏・专注,这张卡被弃置时，出牌阶段增加一次出牌机会。对方自身弃置1张手牌。自己的防御力在3回合内上升4点。
雷暴击,对对方造成5点雷属性暴击。
雷暴击,这张卡被弃置时，对对方造成5点雷属性暴击。
雷暴击・冰击,这张卡被弃置时，对对方造成3点雷属性暴击。对对方造成5点冰属性伤害。
雷暴击・攻击,对对方造成3点雷属性暴击。对对方造成5点伤害。
雷暴击・雷击,对对方造成3点雷属性暴击。对对方造成5点雷属性伤害。
雷暴击・破击,对对方造成3点雷属性暴击。对对方造成1点无视防御伤害。
雷暴击・炎击,对对方造成3点雷属性暴击。对对方造成5点炎属性伤害。
雷击,对对方造成15点雷属性伤害。
雷击,这张卡被弃置时，对对方造成15点雷属性伤害。
雷击・攻击,对对方造成10点雷属性伤害。对对方造成5点伤害。
雷击・攻击,对对方造成10点雷属性伤害。这张卡被弃置时，对对方造成5点伤害。
雷击・攻击,对对方造成9点雷属性伤害。对对方造成6点伤害。
雷击・雷暴击,对对方造成9点雷属性伤害。对对方造成2点雷属性暴击。
雷力量,这张卡被弃置时，自己的雷属性攻击力在1回合内上升22点。
雷力量,这张卡被弃置时，自己的雷属性攻击力在2回合内上升15点。
雷力量,自己的雷属性攻击力在1回合内上升22点。
雷力量,自己的雷属性攻击力在2回合内上升15点。
雷力量,自己的雷属性攻击力在3回合内上升8点。
雷力量・冰击,对对方造成10点冰属性伤害。自己的雷属性攻击力在3回合内上升2点。
雷力量・冰弱点,自己的雷属性攻击力在3回合内上升5点。对方的冰属性防御力在3回合内下降5点。
雷力量・冰弱点・雷击,对方的雷属性攻击力在3回合内上升8点。对对方造成19点雷属性伤害。对方的冰属性防御力在2回合内下降9点。
雷力量・冰虚弱,自己的雷属性攻击力在1回合内上升12点。对方的冰属性攻击力在3回合内下降7点。
雷力量・攻击,对对方造成10点伤害。自己的雷属性攻击力在2回合内上升5点。
雷力量・攻击,对对方造成8点伤害。自己的雷属性攻击力在2回合内上升7点。
雷力量・攻击,对对方造成9点伤害。这张卡被弃置时，自己的雷属性攻击力在3回合内上升3点。
雷力量・攻击,对对方造成9点伤害。自己的雷属性攻击力在1回合内上升9点。
雷力量・攻击,对对方造成9点伤害。自己的雷属性攻击力在2回合内上升6点。
雷力量・攻击,自己的雷属性攻击力在1回合内上升15点。对对方造成5点伤害。
雷力量・攻击,自己的雷属性攻击力在2回合内上升10点。对对方造成5点伤害。
雷力量・恢复,自己的雷属性攻击力在2回合内上升8点。自己的生命值在2回合内回复7点。
雷力量・回复,自己的雷属性攻击力在2回合内上升10点。自己的生命值回复5点。
雷力量・回复,自己的雷属性攻击力在3回合内上升4点。自己的生命值回复7点。
雷力量・雷击・攻击,对对方造成13点雷属性伤害。对方的雷属性攻击力在4回合内上升2点。对对方造成7点伤害。
雷力量・雷专注,自己的雷属性攻击力在3回合内上升5点。自己的雷属性防御力在2回合内上升5点。
雷力量・力量,自己的雷属性攻击力在3回合内上升5点。自己的攻击力在1回合内上升8点。
雷力量・牌堆销毁・破击・炎击,对方的雷属性攻击力在3回合内上升9点。驱逐对方的1张牌堆的牌。这张卡被弃置时，对对方造成3点无视防御伤害。对对方造成6点炎属性伤害。
雷力量・破击,对对方造成3点无视防御伤害。自己的雷属性攻击力在2回合内上升6点。
雷力量・弱点,自己的雷属性攻击力在1回合内上升14点。对方的防御力在4回合内下降3点。
雷力量・弱点,自己的雷属性攻击力在2回合内上升9点。对方的防御力在2回合内下降9点。
雷力量・弱点,自己的雷属性攻击力在3回合内上升5点。对方的防御力在3回合内下降5点。
雷力量・手牌破坏,自己的雷属性攻击力在2回合内上升10点。对方随机弃置1张手牌。
雷力量・手牌破坏,自己的雷属性攻击力在3回合内上升5点。对方随机弃置1张手牌。
雷力量・销毁・牌堆销毁,自己的雷属性攻击力在1回合内上升22点。这张卡使用后被驱逐。驱逐对方的1张牌堆的牌。
雷力量・虚弱,自己的雷属性攻击力在2回合内上升9点。对方的攻击力在3回合内下降6点。
雷力量・虚弱,自己的雷属性攻击力在3回合内上升5点。对方的攻击力在2回合内下降8点。
雷力量・炎击,对对方造成9点炎属性伤害。自己的雷属性攻击力在3回合内上升3点。
雷力量・专注,自己的雷属性攻击力在1回合内上升14点。自己的防御力在1回合内上升9点。
雷力量・专注,自己的雷属性攻击力在1回合内上升14点。自己的防御力在2回合内上升6点。
雷力量・自我破坏・雷弱点,这张卡被弃置时，自己的雷属性攻击力在3回合内上升6点。对方自身弃置1张手牌。这张卡被弃置时，对方的雷属性防御力在3回合内下降9点。
雷弱点,对方的雷属性防御力在2回合内下降22点。
雷弱点,对方的雷属性防御力在3回合内下降15点。
雷弱点,对方的雷属性防御力在4回合内下降8点。
雷弱点,这张卡被弃置时，对方的雷属性防御力在2回合内下降22点。
雷弱点,这张卡被弃置时，对方的雷属性防御力在3回合内下降15点。
雷弱点,这张卡被弃置时，对方的雷属性防御力在4回合内下降8点。
雷弱点・冰暴击・攻击,这张卡被弃置时，对自己造成2点冰属性暴击。对对方造成18点伤害。对方的雷属性防御力在3回合内下降7点。
雷弱点・冰击,对方的雷属性防御力在4回合内下降4点。对对方造成7点冰属性伤害。
雷弱点・冰力量,对方的雷属性防御力在4回合内下降5点。自己的冰属性攻击力在1回合内上升8点。
雷弱点・冰虚弱,对方的雷属性防御力在3回合内下降9点。对方的冰属性攻击力在4回合内下降3点。
雷弱点・冰虚弱,对方的雷属性防御力在4回合内下降4点。这张卡被弃置时，对方的冰属性攻击力在4回合内下降3点。
雷弱点・冰虚弱・雷暴击,这张卡被弃置时，对自己造成3点雷属性暴击。对方的雷属性防御力在4回合内下降10点。对方的冰属性攻击力在4回合内下降4点。
雷弱点・冰专注,自己的雷属性防御力在1回合内下降14点。自己的冰属性防御力在3回合内上升13点。
雷弱点・攻击,对对方造成10点伤害。对方的雷属性防御力在3回合内下降5点。
雷弱点・攻击,对对方造成10点伤害。对方的雷属性防御力在4回合内下降2点。
雷弱点・攻击,对对方造成9点伤害。对方的雷属性防御力在2回合内下降9点。
雷弱点・攻击,对对方造成9点伤害。对方的雷属性防御力在4回合内下降3点。
雷弱点・攻击,对方的雷属性防御力在2回合内下降14点。对对方造成6点伤害。
雷弱点・攻击,对方的雷属性防御力在2回合内下降15点。对对方造成5点伤害。
雷弱点・攻击,对方的雷属性防御力在3回合内下降8点。对对方造成7点伤害。
雷弱点・恢复,对方的雷属性防御力在2回合内下降15点。这张卡被弃置时，自己的生命值在2回合内回复5点。
雷弱点・恢复,对方的雷属性防御力在4回合内下降5点。这张卡被弃置时，自己的生命值在3回合内回复2点。
雷弱点・恢复,对方的雷属性防御力在4回合内下降5点。自己的生命值在3回合内回复2点。
雷弱点・回复,对方的雷属性防御力在2回合内下降14点。自己的生命值回复6点。
雷弱点・回复,对方的雷属性防御力在4回合内下降5点。自己的生命值回复5点。
雷弱点・雷暴击,这张卡被弃置时，对方的雷属性防御力在2回合内下降15点。对对方造成1点雷属性暴击。
雷弱点・雷击,对对方造成10点雷属性伤害。对方的雷属性防御力在4回合内下降2点。
雷弱点・雷击,对方的雷属性防御力在4回合内下降5点。对对方造成5点雷属性伤害。
雷弱点・雷虚弱,对方的雷属性防御力在3回合内下降10点。对方的雷属性攻击力在2回合内下降8点。
雷弱点・力量,这张卡被弃置时，对方的雷属性防御力在3回合内下降8点。自己的攻击力在2回合内上升7点。
雷弱点・弱点,对方的雷属性防御力在2回合内下降15点。对方的防御力在2回合内下降8点。
雷弱点・手牌破坏,对方的雷属性防御力在2回合内下降15点。对方随机弃置1张手牌。
雷弱点・手牌破坏,对方的雷属性防御力在4回合内下降5点。对方随机弃置1张手牌。
雷弱点・虚弱,对方的雷属性防御力在3回合内下降10点。对方的攻击力在4回合内下降2点。
雷弱点・虚弱,对方的雷属性防御力在4回合内下降4点。对方的攻击力在4回合内下降3点。
雷弱点・虚弱,对方的雷属性防御力在4回合内下降5点。对方的攻击力在2回合内下降8点。
雷弱点・虚弱・冰击,对自己造成9点冰属性伤害。对方的雷属性防御力在2回合内下降28点。对方的攻击力在4回合内下降4点。
雷弱点・炎击,这张卡被弃置时，对对方造成8点炎属性伤害。对方的雷属性防御力在4回合内下降4点。
雷弱点・炎虚弱,对方的雷属性防御力在2回合内下降15点。对方的炎属性攻击力在4回合内下降2点。
雷弱点・炎虚弱,对方的雷属性防御力在3回合内下降10点。对方的炎属性攻击力在4回合内下降2点。
雷弱点・炎专注,对方的雷属性防御力在4回合内下降4点。自己的炎属性防御力在2回合内上升6点。
雷虚弱,对方的雷属性攻击力在2回合内下降22点。
雷虚弱,对方的雷属性攻击力在3回合内下降15点。
雷虚弱,对方的雷属性攻击力在4回合内下降8点。
雷虚弱,这张卡被弃置时，对方的雷属性攻击力在2回合内下降22点。
雷虚弱,这张卡被弃置时，对方的雷属性攻击力在3回合内下降15点。
雷虚弱,这张卡被弃置时，对方的雷属性攻击力在4回合内下降8点。
雷虚弱・冰弱点,对方的雷属性攻击力在4回合内下降4点。对方的冰属性防御力在4回合内下降3点。
雷虚弱・攻击,对对方造成10点伤害。对方的雷属性攻击力在2回合内下降8点。
雷虚弱・攻击,对对方造成10点伤害。对方的雷属性攻击力在3回合内下降5点。
雷虚弱・攻击,对对方造成9点伤害。对方的雷属性攻击力在2回合内下降9点。
雷虚弱・攻击,对对方造成9点伤害。对方的雷属性攻击力在4回合内下降3点。
雷虚弱・攻击,对方的雷属性攻击力在2回合内下降14点。对对方造成6点伤害。
雷虚弱・攻击,对方的雷属性攻击力在3回合内下降9点。对对方造成6点伤害。
雷虚弱・攻击,这张卡被弃置时，对方的雷属性攻击力在4回合内下降4点。对对方造成6点伤害。
雷虚弱・回复,对方的雷属性攻击力在3回合内下降9点。自己的生命值回复6点。
雷虚弱・雷击・炎暴击,对自己造成9点雷属性伤害。对对方造成5点炎属性暴击。这张卡被弃置时，对方的雷属性攻击力在3回合内下降9点。
雷虚弱・雷专注,对方的雷属性攻击力在3回合内下降9点。自己的雷属性防御力在1回合内上升9点。
雷虚弱・力量,对方的雷属性攻击力在2回合内下降14点。自己的攻击力在2回合内上升6点。
雷虚弱・力量,对方的雷属性攻击力在3回合内下降9点。自己的攻击力在3回合内上升3点。
雷虚弱・力量,对方的雷属性攻击力在4回合内下降5点。自己的攻击力在2回合内上升5点。
雷虚弱・手牌破坏,对方的雷属性攻击力在2回合内下降15点。对方随机弃置1张手牌。
雷虚弱・手牌破坏,对方的雷属性攻击力在3回合内下降10点。这张卡被弃置时，对方随机弃置1张手牌。
雷虚弱・贪欲,对方的雷属性攻击力在3回合内下降10点。自己从牌堆抽1张牌。
雷虚弱・贪欲,对方的雷属性攻击力在3回合内下降9点。自己从牌堆抽1张牌。
雷虚弱・销毁・回复・攻击,对方的雷属性攻击力在3回合内下降10点。这张卡使用后被驱逐。对对方造成10点伤害。自己的生命值回复5点。
雷虚弱・销毁・炎弱点,对方的雷属性攻击力在3回合内下降15点。这张卡使用后被驱逐。对方的炎属性防御力在3回合内下降10点。
雷虚弱・虚弱,对方的雷属性攻击力在3回合内下降10点。对方的攻击力在4回合内下降2点。
雷虚弱・虚弱,对方的雷属性攻击力在4回合内下降4点。对方的攻击力在3回合内下降6点。
雷虚弱・虚弱,对方的雷属性攻击力在4回合内下降5点。对方的攻击力在4回合内下降2点。
雷虚弱・炎力量,对方的雷属性攻击力在4回合内下降4点。自己的炎属性攻击力在2回合内上升8点。
雷虚弱・炎弱点,对方的雷属性攻击力在4回合内下降5点。对方的炎属性防御力在4回合内下降2点。
雷虚弱・炎专注,对方的雷属性攻击力在4回合内下降4点。自己的炎属性防御力在3回合内上升3点。
雷虚弱・专注,对方的雷属性攻击力在4回合内下降4点。自己的防御力在3回合内上升3点。
雷虚弱・专注,对方的雷属性攻击力在4回合内下降5点。自己的防御力在2回合内上升5点。
雷虚弱・自我破坏,对方的雷属性攻击力在2回合内下降30点。对方自身弃置1张手牌。
雷虚弱・自我破坏・弱点,对方的雷属性攻击力在4回合内下降6点。这张卡被弃置时，对方自身弃置1张手牌。对方的防御力在2回合内下降10点。
雷虚弱・自我破坏・心灵透视,对方的雷属性攻击力在2回合内下降18点。对方自身弃置1张手牌。确认对方手卡并弃置1张手牌。
雷专注,这张卡被弃置时，自己的雷属性防御力在1回合内上升22点。
雷专注,这张卡被弃置时，自己的雷属性防御力在2回合内上升15点。
雷专注,自己的雷属性防御力在1回合内上升22点。
雷专注,自己的雷属性防御力在2回合内上升15点。
雷专注,自己的雷属性防御力在3回合内上升8点。
雷专注・冰击,对对方造成10点冰属性伤害。自己的雷属性防御力在2回合内上升5点。
雷专注・冰击,自己的雷属性防御力在3回合内上升5点。对对方造成5点冰属性伤害。
雷专注・冰击・攻击,对自己造成9点冰属性伤害。对对方造成17点伤害。自己的雷属性防御力在1回合内上升14点。
雷专注・冰弱点・冰击,自己的雷属性防御力在2回合内上升9点。自己的冰属性防御力在2回合内下降5点。对对方造成12点冰属性伤害。
雷专注・冰弱点・贪欲,对方的雷属性防御力在3回合内上升9点。对方的冰属性防御力在4回合内下降8点。自己从牌堆抽1张牌。
雷专注・冰虚弱,这张卡被弃置时，自己的雷属性防御力在2回合内上升9点。对方的冰属性攻击力在2回合内下降9点。
雷专注・攻击,对对方造成10点伤害。这张卡被弃置时，自己的雷属性防御力在2回合内上升5点。
雷专注・攻击,对对方造成10点伤害。自己的雷属性防御力在2回合内上升5点。
雷专注・攻击,对对方造成8点伤害。自己的雷属性防御力在1回合内上升10点。
雷专注・攻击,这张卡被弃置时，对对方造成10点伤害。这张卡被弃置时，自己的雷属性防御力在1回合内上升8点。
雷专注・攻击,这张卡被弃置时，自己的雷属性防御力在2回合内上升10点。对对方造成5点伤害。
雷专注・攻击,这张卡被弃置时，自己的雷属性防御力在2回合内上升8点。对对方造成7点伤害。
雷专注・攻击,这张卡被弃置时，自己的雷属性防御力在3回合内上升5点。对对方造成5点伤害。
雷专注・攻击,自己的雷属性防御力在1回合内上升15点。这张卡被弃置时，对对方造成5点伤害。
雷专注・攻击,自己的雷属性防御力在2回合内上升10点。对对方造成5点伤害。
雷专注・攻击,自己的雷属性防御力在2回合内上升9点。对对方造成6点伤害。
雷专注・攻击,自己的雷属性防御力在3回合内上升4点。对对方造成6点伤害。
雷专注・攻击,自己的雷属性防御力在3回合内上升5点。对对方造成5点伤害。
雷专注・恢复,自己的雷属性防御力在3回合内上升5点。自己的生命值在1回合内回复8点。
雷专注・雷击,对对方造成9点雷属性伤害。自己的雷属性防御力在2回合内上升6点。
雷专注・雷击,自己的雷属性防御力在3回合内上升5点。对对方造成5点雷属性伤害。
雷专注・雷力量,这张卡被弃置时，自己的雷属性防御力在1回合内上升15点。自己的雷属性攻击力在1回合内上升8点。
雷专注・雷虚弱,自己的雷属性防御力在1回合内上升15点。对方的雷属性攻击力在3回合内下降5点。
雷专注・雷虚弱,自己的雷属性防御力在2回合内上升10点。对方的雷属性攻击力在2回合内下降8点。
雷专注・雷虚弱・虚弱,自己的雷属性防御力在2回合内上升12点。自己的雷属性攻击力在1回合内下降8点。对方的攻击力在4回合内下降4点。
雷专注・力量,自己的雷属性防御力在2回合内上升9点。自己的攻击力在1回合内上升9点。
雷专注・牌堆销毁・炎虚弱・力量,对方的雷属性防御力在2回合内上升14点。这张卡被弃置时，驱逐对方的1张牌堆的牌。这张卡被弃置时，对方的炎属性攻击力在3回合内下降11点。自己的攻击力在3回合内上升2点。
雷专注・破击,自己的雷属性防御力在3回合内上升5点。对对方造成1点无视防御伤害。
雷专注・弱点,这张卡被弃置时，自己的雷属性防御力在3回合内上升4点。对方的防御力在3回合内下降6点。
雷专注・弱点,自己的雷属性防御力在1回合内上升15点。对方的防御力在2回合内下降8点。
雷专注・弱点,自己的雷属性防御力在3回合内上升4点。对方的防御力在4回合内下降3点。
雷专注・手牌破坏,自己的雷属性防御力在1回合内上升15点。对方随机弃置1张手牌。
雷专注・手牌破坏,自己的雷属性防御力在2回合内上升10点。对方随机弃置1张手牌。
雷专注・销毁・手牌破坏,自己的雷属性防御力在2回合内上升20点。这张卡使用后被驱逐。对方随机弃置1张手牌。
雷专注・虚弱,自己的雷属性防御力在2回合内上升10点。对方的攻击力在4回合内下降2点。
雷专注・炎击,对对方造成9点炎属性伤害。自己的雷属性防御力在1回合内上升9点。
雷专注・炎击,自己的雷属性防御力在3回合内上升5点。对对方造成5点炎属性伤害。
雷专注・炎虚弱,自己的雷属性防御力在1回合内上升14点。对方的炎属性攻击力在3回合内下降6点。
雷专注・专注,自己的雷属性防御力在3回合内上升5点。自己的防御力在3回合内上升2点。
雷专注・专注・炎弱点,自己的雷属性防御力在3回合内上升5点。对方的防御力在2回合内上升6点。对方的炎属性防御力在4回合内下降5点。
雷专注・自我破坏,自己的雷属性防御力在2回合内上升20点。对方自身弃置1张手牌。
雷专注・自我破坏・冰击,自己的雷属性防御力在2回合内上升12点。对方自身弃置1张手牌。对对方造成6点冰属性伤害。
力量,这张卡被弃置时，自己的攻击力在1回合内上升22点。
力量,这张卡被弃置时，自己的攻击力在2回合内上升15点。
力量,这张卡被弃置时，自己的攻击力在3回合内上升8点。
力量,自己的攻击力在1回合内上升22点。
力量,自己的攻击力在2回合内上升15点。
力量,自己的攻击力在3回合内上升8点。
力量・冰暴击,对对方造成3点冰属性暴击。自己的攻击力在3回合内上升3点。
力量・冰击,对对方造成10点冰属性伤害。自己的攻击力在1回合内上升8点。
力量・冰击,对对方造成10点冰属性伤害。自己的攻击力在3回合内上升2点。
力量・冰击,对对方造成9点冰属性伤害。自己的攻击力在1回合内上升9点。
力量・冰击,对对方造成9点冰属性伤害。自己的攻击力在2回合内上升6点。
力量・冰击,对对方造成9点冰属性伤害。自己的攻击力在3回合内上升3点。
力量・冰击,自己的攻击力在1回合内上升15点。对对方造成5点冰属性伤害。
力量・冰弱点,自己的攻击力在1回合内上升15点。对方的冰属性防御力在3回合内下降5点。
力量・冰虚弱,自己的攻击力在1回合内上升15点。对方的冰属性攻击力在4回合内下降2点。
力量・冰专注,自己的攻击力在3回合内上升4点。自己的冰属性防御力在2回合内上升6点。
力量・冰专注・心灵透视,对方的攻击力在4回合内上升4点。自己的冰属性防御力在2回合内上升18点。确认对方手卡并弃置1张手牌。
力量・攻击,对对方造成10点伤害。这张卡被弃置时，自己的攻击力在2回合内上升5点。
力量・攻击,对对方造成10点伤害。自己的攻击力在1回合内上升8点。
力量・攻击,对对方造成10点伤害。自己的攻击力在2回合内上升5点。
力量・攻击,对对方造成10点伤害。自己的攻击力在3回合内上升2点。
力量・攻击,对对方造成7点伤害。自己的攻击力在1回合内上升12点。
力量・攻击,对对方造成8点伤害。自己的攻击力在2回合内上升7点。
力量・攻击,对对方造成9点伤害。这张卡被弃置时，自己的攻击力在1回合内上升9点。
力量・攻击,对对方造成9点伤害。自己的攻击力在2回合内上升6点。
力量・攻击,这张卡被弃置时，对对方造成10点伤害。自己的攻击力在3回合内上升2点。
力量・攻击,这张卡被弃置时，自己的攻击力在1回合内上升14点。对对方造成6点伤害。
力量・攻击,这张卡被弃置时，自己的攻击力在1回合内上升15点。对对方造成5点伤害。
力量・攻击,这张卡被弃置时，自己的攻击力在3回合内上升4点。对对方造成7点伤害。
力量・攻击,自己的攻击力在1回合内上升15点。对对方造成5点伤害。
力量・攻击,自己的攻击力在2回合内上升8点。对对方造成7点伤害。
力量・攻击,自己的攻击力在2回合内上升9点。对对方造成6点伤害。
力量・攻击,自己的攻击力在3回合内上升4点。对对方造成6点伤害。
力量・攻击,自己的攻击力在3回合内上升5点。对对方造成5点伤害。
力量・攻击・雷击,对对方造成11点伤害。对自己造成5点雷属性伤害。自己的攻击力在1回合内上升15点。
力量・恢复,这张卡被弃置时，自己的攻击力在2回合内上升8点。自己的生命值在1回合内回复10点。
力量・恢复,自己的攻击力在1回合内上升14点。自己的生命值在1回合内回复9点。
力量・恢复,自己的攻击力在1回合内上升15点。自己的生命值在3回合内回复2点。
力量・恢复,自己的攻击力在2回合内上升10点。自己的生命值在3回合内回复2点。
力量・恢复,自己的攻击力在2回合内上升8点。自己的生命值在1回合内回复10点。
力量・恢复,自己的攻击力在3回合内上升5点。自己的生命值在2回合内回复5点。
力量・恢复・攻击,对自己造成9点伤害。自己的攻击力在3回合内上升10点。自己的生命值在1回合内回复10点。
力量・回复,自己的攻击力在1回合内上升14点。自己的生命值回复6点。
力量・机会・炎暴击,自己的攻击力在1回合内上升15点。对自己造成1点炎属性暴击。出牌阶段增加一次出牌机会。
力量・机会・炎击,对对方造成10点炎属性伤害。对方的攻击力在4回合内上升2点。出牌阶段增加一次出牌机会。
力量・雷击,对对方造成10点雷属性伤害。这张卡被弃置时，自己的攻击力在3回合内上升2点。
力量・雷击,对对方造成10点雷属性伤害。自己的攻击力在2回合内上升5点。
力量・雷击,对对方造成10点雷属性伤害。自己的攻击力在3回合内上升2点。
力量・雷击,对对方造成7点雷属性伤害。自己的攻击力在3回合内上升4点。
力量・雷击,对对方造成8点雷属性伤害。自己的攻击力在3回合内上升4点。
力量・雷击,自己的攻击力在2回合内上升10点。对对方造成5点雷属性伤害。
力量・雷击・攻击,对自己造成10点雷属性伤害。自己的攻击力在2回合内上升17点。对对方造成10点伤害。
力量・雷击・攻击,对自己造成8点雷属性伤害。对对方造成18点伤害。自己的攻击力在2回合内上升7点。
力量・雷力量,自己的攻击力在1回合内上升15点。自己的雷属性攻击力在1回合内上升8点。
力量・雷力量,自己的攻击力在2回合内上升9点。自己的雷属性攻击力在1回合内上升9点。
力量・雷力量,自己的攻击力在3回合内上升5点。自己的雷属性攻击力在2回合内上升5点。
力量・雷弱点,自己的攻击力在3回合内上升5点。对方的雷属性防御力在4回合内下降2点。
力量・雷弱点・攻击,对方的攻击力在3回合内上升8点。对方的雷属性防御力在2回合内下降22点。对对方造成10点伤害。
力量・雷虚弱,自己的攻击力在2回合内上升10点。对方的雷属性攻击力在4回合内下降2点。
力量・破击,对对方造成3点无视防御伤害。自己的攻击力在1回合内上升8点。
力量・破击,自己的攻击力在1回合内上升15点。对对方造成1点无视防御伤害。
力量・弱点,自己的攻击力在1回合内上升14点。对方的防御力在2回合内下降9点。
力量・弱点,自己的攻击力在1回合内上升14点。对方的防御力在3回合内下降6点。
力量・弱点,自己的攻击力在1回合内上升15点。对方的防御力在2回合内下降8点。
力量・弱点,自己的攻击力在2回合内上升9点。对方的防御力在3回合内下降6点。
力量・弱点,自己的攻击力在3回合内上升5点。对方的防御力在2回合内下降8点。
力量・手牌破坏,这张卡被弃置时，自己的攻击力在2回合内上升10点。对方随机弃置1张手牌。
力量・手牌破坏,这张卡被弃置时，自己的攻击力在2回合内上升10点。这张卡被弃置时，对方随机弃置1张手牌。
力量・手牌破坏,这张卡被弃置时，自己的攻击力在3回合内上升5点。对方随机弃置1张手牌。
力量・手牌破坏,自己的攻击力在1回合内上升15点。对方随机弃置1张手牌。
力量・手牌破坏,自己的攻击力在2回合内上升10点。对方随机弃置1张手牌。
力量・手牌破坏・自我破坏・炎力量,自己的攻击力在3回合内上升4点。对方随机弃置1张手牌。对方自身弃置1张手牌。自己的炎属性攻击力在2回合内上升7点。
力量・贪欲,自己的攻击力在2回合内上升9点。自己从牌堆抽1张牌。
力量・贪欲,自己的攻击力在3回合内上升5点。自己从牌堆抽1张牌。
力量・销毁・冰虚弱,自己的攻击力在3回合内上升6点。这张卡使用后被驱逐。对方的冰属性攻击力在2回合内下降15点。
力量・销毁・冰专注・雷虚弱,自己的攻击力在1回合内上升15点。这张卡使用后被驱逐。自己的冰属性防御力在2回合内上升9点。这张卡被弃置时，对方的雷属性攻击力在2回合内下降9点。
力量・销毁・恢复・炎击,自己的攻击力在2回合内上升11点。这张卡使用后被驱逐。对对方造成9点炎属性伤害。自己的生命值在3回合内回复2点。
力量・销毁・机会,自己的攻击力在2回合内上升11点。这张卡使用后被驱逐。出牌阶段增加一次出牌机会。
力量・销毁・雷虚弱,自己的攻击力在2回合内上升13点。这张卡使用后被驱逐。对方的雷属性攻击力在4回合内下降6点。
力量・销毁・牌堆销毁,自己的攻击力在1回合内上升21点。这张卡使用后被驱逐。驱逐对方的1张牌堆的牌。
力量・销毁・弱点,自己的攻击力在1回合内上升16点。这张卡使用后被驱逐。对方的防御力在2回合内下降15点。
力量・销毁・炎击,自己的攻击力在3回合内上升4点。这张卡使用后被驱逐。对对方造成16点炎属性伤害。
力量・虚弱,自己的攻击力在3回合内上升4点。对方的攻击力在2回合内下降9点。
力量・虚弱・炎击,对自己造成9点炎属性伤害。自己的攻击力在1回合内上升27点。对方的攻击力在2回合内下降12点。
力量・炎击,对对方造成10点炎属性伤害。自己的攻击力在2回合内上升5点。
力量・炎击,对对方造成9点炎属性伤害。自己的攻击力在1回合内上升9点。
力量・炎击,这张卡被弃置时，对对方造成10点炎属性伤害。自己的攻击力在3回合内上升2点。
力量・炎击,自己的攻击力在1回合内上升15点。对对方造成5点炎属性伤害。
力量・炎击,自己的攻击力在2回合内上升10点。对对方造成5点炎属性伤害。
力量・炎力量,自己的攻击力在2回合内上升8点。自己的炎属性攻击力在2回合内上升7点。
力量・炎弱点,自己的攻击力在1回合内上升15点。对方的炎属性防御力在2回合内下降8点。
力量・炎专注,自己的攻击力在1回合内上升15点。自己的炎属性防御力在1回合内上升8点。
力量・炎专注,自己的攻击力在3回合内上升4点。自己的炎属性防御力在1回合内上升9点。
力量・专注,这张卡被弃置时，自己的攻击力在2回合内上升9点。自己的防御力在1回合内上升9点。
力量・专注,自己的攻击力在1回合内上升12点。自己的防御力在3回合内上升4点。
力量・专注,自己的攻击力在3回合内上升5点。自己的防御力在3回合内上升2点。
力量・自我破坏・冰暴击,自己的攻击力在3回合内上升6点。这张卡被弃置时，对方自身弃置1张手牌。对对方造成2点冰属性暴击。
力量・自我破坏・攻击,这张卡被弃置时，自己的攻击力在2回合内上升9点。对方自身弃置1张手牌。对对方造成11点伤害。
力量・自我破坏・攻击,自己的攻击力在3回合内上升6点。对方自身弃置1张手牌。对对方造成7点伤害。
力量・自我破坏・机会,自己的攻击力在2回合内上升8点。对方自身弃置1张手牌。出牌阶段增加一次出牌机会。
力量・自我破坏・雷击,对对方造成8点雷属性伤害。自己的攻击力在2回合内上升12点。对方自身弃置1张手牌。
力量・自我破坏・雷弱点,这张卡被弃置时，自己的攻击力在2回合内上升10点。对方自身弃置1张手牌。对方的雷属性防御力在2回合内下降15点。
力量・自我破坏・弃置销毁,自己的攻击力在2回合内上升10点。对方自身弃置1张手牌。驱逐对方的1张弃置区的牌。
力量・自我破坏・贪欲・回复,自己的攻击力在2回合内上升10点。对方自身弃置1张手牌。自己从牌堆抽1张牌。自己的生命值回复5点。
力量・自我破坏・心灵透视,自己的攻击力在2回合内上升12点。对方自身弃置1张手牌。确认对方手卡并弃置1张手牌。
力量・自我破坏・心灵透视,自己的攻击力在3回合内上升6点。对方自身弃置1张手牌。确认对方手卡并弃置1张手牌。
力量・自我破坏・专注,自己的攻击力在3回合内上升6点。这张卡被弃置时，对方自身弃置1张手牌。自己的防御力在3回合内上升4点。
牌堆销毁・冰击,驱逐对方的1张牌堆的牌。对对方造成5点冰属性伤害。
牌堆销毁・冰击,这张卡被弃置时，驱逐对方的1张牌堆的牌。对对方造成5点冰属性伤害。
牌堆销毁・冰力量,驱逐对方的1张牌堆的牌。这张卡被弃置时，自己的冰属性攻击力在3回合内上升2点。
牌堆销毁・冰力量,驱逐对方的1张牌堆的牌。自己的冰属性攻击力在1回合内上升8点。
牌堆销毁・冰力量,驱逐对方的1张牌堆的牌。自己的冰属性攻击力在2回合内上升5点。
牌堆销毁・冰弱点,驱逐对方的1张牌堆的牌。对方的冰属性防御力在3回合内下降5点。
牌堆销毁・冰弱点,驱逐对方的1张牌堆的牌。这张卡被弃置时，对方的冰属性防御力在2回合内下降8点。
牌堆销毁・冰虚弱,驱逐对方的1张牌堆的牌。对方的冰属性攻击力在2回合内下降8点。
牌堆销毁・冰虚弱,驱逐对方的1张牌堆的牌。对方的冰属性攻击力在3回合内下降5点。
牌堆销毁・冰虚弱,驱逐对方的1张牌堆的牌。对方的冰属性攻击力在4回合内下降2点。
牌堆销毁・冰虚弱,这张卡被弃置时，驱逐对方的1张牌堆的牌。对方的冰属性攻击力在4回合内下降2点。
牌堆销毁・冰虚弱・专注,驱逐自己的1张牌堆的牌。对方的冰属性攻击力在3回合内下降17点。这张卡被弃置时，自己的防御力在1回合内上升12点。
牌堆销毁・冰专注,驱逐对方的1张牌堆的牌。自己的冰属性防御力在1回合内上升8点。
牌堆销毁・冰专注,驱逐对方的1张牌堆的牌。自己的冰属性防御力在2回合内上升5点。
牌堆销毁・攻击,驱逐对方的1张牌堆的牌。对对方造成5点伤害。
牌堆销毁・攻击,驱逐对方的1张牌堆的牌。这张卡被弃置时，对对方造成5点伤害。
牌堆销毁・攻击,这张卡被弃置时，驱逐对方的1张牌堆的牌。对对方造成5点伤害。
牌堆销毁・攻击・冰击,驱逐自己的1张牌堆的牌。对对方造成15点伤害。对对方造成10点冰属性伤害。
牌堆销毁・恢复,驱逐对方的1张牌堆的牌。自己的生命值在1回合内回复8点。
牌堆销毁・恢复,驱逐对方的1张牌堆的牌。自己的生命值在2回合内回复5点。
牌堆销毁・恢复,驱逐对方的1张牌堆的牌。自己的生命值在3回合内回复2点。
牌堆销毁・恢复,这张卡被弃置时，驱逐对方的1张牌堆的牌。这张卡被弃置时，自己的生命值在1回合内回复8点。
牌堆销毁・恢复,这张卡被弃置时，驱逐对方的1张牌堆的牌。自己的生命值在3回合内回复2点。
牌堆销毁・恢复・炎击,对自己造成8点炎属性伤害。驱逐对方的1张牌堆的牌。自己的生命值在2回合内回复15点。
牌堆销毁・回复,驱逐对方的1张牌堆的牌。这张卡被弃置时，自己的生命值回复5点。
牌堆销毁・回复,驱逐对方的1张牌堆的牌。自己的生命值回复5点。
牌堆销毁・机会・专注・弱点,驱逐自己的1张牌堆的牌。出牌阶段增加一次出牌机会。这张卡被弃置时，自己的防御力在1回合内上升14点。对方的防御力在2回合内下降9点。
牌堆销毁・雷暴击,这张卡被弃置时，驱逐对方的1张牌堆的牌。对对方造成1点雷属性暴击。
牌堆销毁・雷击,驱逐对方的1张牌堆的牌。对对方造成5点雷属性伤害。
牌堆销毁・雷击,驱逐对方的1张牌堆的牌。这张卡被弃置时，对对方造成5点雷属性伤害。
牌堆销毁・雷击,这张卡被弃置时，驱逐对方的1张牌堆的牌。对对方造成5点雷属性伤害。
牌堆销毁・雷力量,驱逐对方的1张牌堆的牌。自己的雷属性攻击力在1回合内上升8点。
牌堆销毁・雷力量,驱逐对方的1张牌堆的牌。自己的雷属性攻击力在2回合内上升5点。
牌堆销毁・雷力量,驱逐对方的1张牌堆的牌。自己的雷属性攻击力在3回合内上升2点。
牌堆销毁・雷弱点,驱逐对方的1张牌堆的牌。对方的雷属性防御力在3回合内下降5点。
牌堆销毁・雷弱点,驱逐对方的1张牌堆的牌。对方的雷属性防御力在4回合内下降2点。
牌堆销毁・雷弱点・攻击,驱逐自己的1张牌堆的牌。对方的雷属性防御力在2回合内下降24点。对对方造成9点伤害。
牌堆销毁・雷虚弱,驱逐对方的1张牌堆的牌。这张卡被弃置时，对方的雷属性攻击力在2回合内下降8点。
牌堆销毁・雷虚弱,驱逐对方的1张牌堆的牌。这张卡被弃置时，对方的雷属性攻击力在3回合内下降5点。
牌堆销毁・雷专注,驱逐对方的1张牌堆的牌。自己的雷属性防御力在1回合内上升8点。
牌堆销毁・雷专注,驱逐对方的1张牌堆的牌。自己的雷属性防御力在2回合内上升5点。
牌堆销毁・力量,驱逐对方的1张牌堆的牌。这张卡被弃置时，自己的攻击力在3回合内上升2点。
牌堆销毁・力量,驱逐对方的1张牌堆的牌。自己的攻击力在1回合内上升8点。
牌堆销毁・力量,驱逐对方的1张牌堆的牌。自己的攻击力在2回合内上升5点。
牌堆销毁・力量,驱逐对方的1张牌堆的牌。自己的攻击力在3回合内上升2点。
牌堆销毁・力量,这张卡被弃置时，驱逐对方的1张牌堆的牌。自己的攻击力在1回合内上升8点。
牌堆销毁・力量・攻击,驱逐自己的1张牌堆的牌。对对方造成19点伤害。自己的攻击力在1回合内上升9点。
牌堆销毁・破击,驱逐对方的1张牌堆的牌。对对方造成1点无视防御伤害。
牌堆销毁・弱点,驱逐对方的1张牌堆的牌。对方的防御力在2回合内下降8点。
牌堆销毁・弱点,驱逐对方的1张牌堆的牌。对方的防御力在3回合内下降5点。
牌堆销毁・弱点,驱逐对方的1张牌堆的牌。对方的防御力在4回合内下降2点。
牌堆销毁・手牌破坏,驱逐对方的1张牌堆的牌。对方随机弃置1张手牌。
牌堆销毁・手牌破坏,驱逐对方的1张牌堆的牌。这张卡被弃置时，对方随机弃置1张手牌。
牌堆销毁・手牌破坏,这张卡被弃置时，驱逐对方的1张牌堆的牌。对方随机弃置1张手牌。
牌堆销毁・贪欲,驱逐对方的1张牌堆的牌。自己从牌堆抽1张牌。
牌堆销毁・贪欲,这张卡被弃置时，驱逐对方的1张牌堆的牌。自己从牌堆抽1张牌。
牌堆销毁・销毁・冰暴击,驱逐对方的1张牌堆的牌。这张卡使用后被驱逐。这张卡被弃置时，对对方造成4点冰属性暴击。
牌堆销毁・销毁・冰专注,驱逐对方的1张牌堆的牌。这张卡使用后被驱逐。自己的冰属性防御力在1回合内上升22点。
牌堆销毁・销毁・恢复,这张卡被弃置时，驱逐对方的1张牌堆的牌。这张卡使用后被驱逐。这张卡被弃置时，自己的生命值在2回合内回复15点。
牌堆销毁・销毁・弃置销毁・雷专注,驱逐对方的1张牌堆的牌。这张卡使用后被驱逐。驱逐对方的1张弃置区的牌。这张卡被弃置时，自己的雷属性防御力在3回合内上升2点。
牌堆销毁・销毁・心灵透视・攻击,驱逐对方的1张牌堆的牌。这张卡使用后被驱逐。确认对方手卡并弃置1张手牌。对对方造成7点伤害。
牌堆销毁・销毁・炎击,驱逐对方的1张牌堆的牌。这张卡使用后被驱逐。对对方造成15点炎属性伤害。
牌堆销毁・虚弱,驱逐对方的1张牌堆的牌。对方的攻击力在2回合内下降8点。
牌堆销毁・虚弱,驱逐对方的1张牌堆的牌。对方的攻击力在3回合内下降5点。
牌堆销毁・虚弱,这张卡被弃置时，驱逐对方的1张牌堆的牌。对方的攻击力在4回合内下降2点。
牌堆销毁・虚弱・攻击,驱逐自己的1张牌堆的牌。对方的攻击力在3回合内下降14点。对对方造成11点伤害。
牌堆销毁・虚弱・力量・攻击,对自己造成10点伤害。驱逐对方的1张牌堆的牌。对方的攻击力在3回合内下降12点。自己的攻击力在1回合内上升9点。
牌堆销毁・虚弱・贪欲・攻击,对自己造成7点伤害。驱逐对方的1张牌堆的牌。对方的攻击力在3回合内下降9点。这张卡被弃置时，自己从牌堆抽1张牌。
牌堆销毁・炎暴击,驱逐对方的1张牌堆的牌。对对方造成1点炎属性暴击。
牌堆销毁・炎击,驱逐对方的1张牌堆的牌。对对方造成5点炎属性伤害。
牌堆销毁・炎击,驱逐对方的1张牌堆的牌。这张卡被弃置时，对对方造成5点炎属性伤害。
牌堆销毁・炎力量,驱逐对方的1张牌堆的牌。这张卡被弃置时，自己的炎属性攻击力在2回合内上升5点。
牌堆销毁・炎力量,驱逐对方的1张牌堆的牌。这张卡被弃置时，自己的炎属性攻击力在3回合内上升2点。
牌堆销毁・炎力量,驱逐对方的1张牌堆的牌。自己的炎属性攻击力在2回合内上升5点。
牌堆销毁・炎力量,驱逐对方的1张牌堆的牌。自己的炎属性攻击力在3回合内上升2点。
牌堆销毁・炎力量,这张卡被弃置时，驱逐对方的1张牌堆的牌。自己的炎属性攻击力在1回合内上升8点。
牌堆销毁・炎弱点,驱逐对方的1张牌堆的牌。对方的炎属性防御力在3回合内下降5点。
牌堆销毁・炎弱点,驱逐对方的1张牌堆的牌。对方的炎属性防御力在4回合内下降2点。
牌堆销毁・炎虚弱,驱逐对方的1张牌堆的牌。对方的炎属性攻击力在3回合内下降5点。
牌堆销毁・炎虚弱,驱逐对方的1张牌堆的牌。对方的炎属性攻击力在4回合内下降2点。
牌堆销毁・炎虚弱,驱逐对方的1张牌堆的牌。这张卡被弃置时，对方的炎属性攻击力在2回合内下降8点。
牌堆销毁・炎专注,驱逐对方的1张牌堆的牌。自己的炎属性防御力在1回合内上升8点。
牌堆销毁・炎专注,驱逐对方的1张牌堆的牌。自己的炎属性防御力在2回合内上升5点。
牌堆销毁・炎专注,驱逐对方的1张牌堆的牌。自己的炎属性防御力在3回合内上升2点。
牌堆销毁・专注,驱逐对方的1张牌堆的牌。这张卡被弃置时，自己的防御力在2回合内上升5点。
牌堆销毁・专注,驱逐对方的1张牌堆的牌。自己的防御力在1回合内上升8点。
牌堆销毁・专注,驱逐对方的1张牌堆的牌。自己的防御力在2回合内上升5点。
牌堆销毁・专注,驱逐对方的1张牌堆的牌。自己的防御力在3回合内上升2点。
牌堆销毁・专注,这张卡被弃置时，驱逐对方的1张牌堆的牌。自己的防御力在2回合内上升5点。
牌堆销毁・专注・攻击,对自己造成6点伤害。驱逐对方的1张牌堆的牌。自己的防御力在3回合内上升6点。
牌堆销毁・自我破坏・冰击,驱逐对方的1张牌堆的牌。这张卡被弃置时，对方自身弃置1张手牌。对对方造成10点冰属性伤害。
牌堆销毁・自我破坏・冰虚弱,驱逐对方的1张牌堆的牌。对方自身弃置1张手牌。对方的冰属性攻击力在3回合内下降8点。
牌堆销毁・自我破坏・攻击,驱逐对方的1张牌堆的牌。对方自身弃置1张手牌。对对方造成8点伤害。
牌堆销毁・自我破坏・机会,驱逐对方的1张牌堆的牌。对方自身弃置1张手牌。出牌阶段增加一次出牌机会。
牌堆销毁・自我破坏・力量,驱逐对方的1张牌堆的牌。对方自身弃置1张手牌。自己的攻击力在2回合内上升10点。
牌堆销毁・自我破坏・心灵透视,驱逐对方的1张牌堆的牌。对方自身弃置1张手牌。确认对方手卡并弃置1张手牌。
牌堆销毁・自我破坏・虚弱,驱逐对方的1张牌堆的牌。对方自身弃置1张手牌。对方的攻击力在2回合内下降15点。
牌堆销毁・自我破坏・虚弱,驱逐对方的1张牌堆的牌。这张卡被弃置时，对方自身弃置1张手牌。对方的攻击力在2回合内下降15点。
牌堆销毁・自我破坏・炎专注,驱逐对方的1张牌堆的牌。对方自身弃置1张手牌。自己的炎属性防御力在3回合内上升5点。
牌堆销毁・自我破坏・专注,驱逐对方的1张牌堆的牌。对方自身弃置1张手牌。自己的防御力在3回合内上升5点。
破击,对对方造成5点无视防御伤害。
破击,这张卡被弃置时，对对方造成5点无视防御伤害。
破击・攻击,对对方造成2点无视防御伤害。对对方造成7点伤害。
破击・攻击,对对方造成3点无视防御伤害。对对方造成5点伤害。
破击・攻击,对对方造成3点无视防御伤害。对对方造成6点伤害。
破击・攻击,这张卡被弃置时，对对方造成3点无视防御伤害。对对方造成5点伤害。
破击・雷击,对对方造成3点无视防御伤害。对对方造成6点雷属性伤害。
破击・炎击,对对方造成3点无视防御伤害。对对方造成6点炎属性伤害。
弃置销毁・冰击,驱逐对方的1张弃置区的牌。对对方造成5点冰属性伤害。
弃置销毁・冰力量,驱逐对方的1张弃置区的牌。自己的冰属性攻击力在1回合内上升8点。
弃置销毁・冰力量,驱逐对方的1张弃置区的牌。自己的冰属性攻击力在3回合内上升2点。
弃置销毁・冰弱点,驱逐对方的1张弃置区的牌。对方的冰属性防御力在2回合内下降8点。
弃置销毁・冰虚弱,驱逐对方的1张弃置区的牌。这张卡被弃置时，对方的冰属性攻击力在3回合内下降5点。
弃置销毁・冰专注,驱逐对方的1张弃置区的牌。这张卡被弃置时，自己的冰属性防御力在2回合内上升5点。
弃置销毁・冰专注,驱逐对方的1张弃置区的牌。自己的冰属性防御力在1回合内上升8点。
弃置销毁・冰专注,驱逐对方的1张弃置区的牌。自己的冰属性防御力在2回合内上升5点。
弃置销毁・冰专注,这张卡被弃置时，驱逐对方的1张弃置区的牌。自己的冰属性防御力在1回合内上升8点。
弃置销毁・冰专注・攻击,对自己造成9点伤害。驱逐对方的1张弃置区的牌。自己的冰属性防御力在1回合内上升24点。
弃置销毁・攻击,驱逐对方的1张弃置区的牌。对对方造成5点伤害。
弃置销毁・攻击,驱逐对方的1张弃置区的牌。这张卡被弃置时，对对方造成5点伤害。
弃置销毁・攻击,这张卡被弃置时，驱逐对方的1张弃置区的牌。对对方造成5点伤害。
弃置销毁・恢复,驱逐对方的1张弃置区的牌。自己的生命值在1回合内回复8点。
弃置销毁・恢复,驱逐对方的1张弃置区的牌。自己的生命值在2回合内回复5点。
弃置销毁・恢复,驱逐对方的1张弃置区的牌。自己的生命值在3回合内回复2点。
弃置销毁・恢复,这张卡被弃置时，驱逐对方的1张弃置区的牌。这张卡被弃置时，自己的生命值在2回合内回复5点。
弃置销毁・恢复,这张卡被弃置时，驱逐对方的1张弃置区的牌。自己的生命值在3回合内回复2点。
弃置销毁・恢复・炎击,驱逐对方的1张弃置区的牌。对自己造成4点炎属性伤害。自己的生命值在2回合内回复10点。
弃置销毁・回复,驱逐对方的1张弃置区的牌。自己的生命值回复5点。
弃置销毁・回复・破击,驱逐对方的1张弃置区的牌。对方的生命值回复4点。对对方造成3点无视防御伤害。
弃置销毁・雷暴击,驱逐对方的1张弃置区的牌。对对方造成1点雷属性暴击。
弃置销毁・雷击,驱逐对方的1张弃置区的牌。对对方造成5点雷属性伤害。
弃置销毁・雷弱点,驱逐对方的1张弃置区的牌。对方的雷属性防御力在2回合内下降8点。
弃置销毁・雷弱点,驱逐对方的1张弃置区的牌。对方的雷属性防御力在4回合内下降2点。
弃置销毁・雷虚弱,驱逐对方的1张弃置区的牌。对方的雷属性攻击力在2回合内下降8点。
弃置销毁・雷虚弱,驱逐对方的1张弃置区的牌。对方的雷属性攻击力在3回合内下降5点。
弃置销毁・雷虚弱,这张卡被弃置时，驱逐对方的1张弃置区的牌。对方的雷属性攻击力在2回合内下降8点。
弃置销毁・雷专注,驱逐对方的1张弃置区的牌。自己的雷属性防御力在1回合内上升8点。
弃置销毁・雷专注,这张卡被弃置时，驱逐对方的1张弃置区的牌。自己的雷属性防御力在2回合内上升5点。
弃置销毁・雷专注・炎击,驱逐自己的1张弃置区的牌。对对方造成16点炎属性伤害。自己的雷属性防御力在1回合内上升14点。
弃置销毁・力量,驱逐对方的1张弃置区的牌。这张卡被弃置时，自己的攻击力在2回合内上升5点。
弃置销毁・力量,驱逐对方的1张弃置区的牌。自己的攻击力在2回合内上升5点。
弃置销毁・力量,驱逐对方的1张弃置区的牌。自己的攻击力在3回合内上升2点。
弃置销毁・力量,这张卡被弃置时，驱逐对方的1张弃置区的牌。自己的攻击力在2回合内上升5点。
弃置销毁・力量,这张卡被弃置时，驱逐对方的1张弃置区的牌。自己的攻击力在3回合内上升2点。
弃置销毁・牌堆销毁・力量,驱逐自己的1张弃置区的牌。驱逐对方的1张牌堆的牌。自己的攻击力在3回合内上升8点。
弃置销毁・弱点,驱逐对方的1张弃置区的牌。对方的防御力在2回合内下降8点。
弃置销毁・弱点,驱逐对方的1张弃置区的牌。对方的防御力在3回合内下降5点。
弃置销毁・弱点,驱逐对方的1张弃置区的牌。对方的防御力在4回合内下降2点。
弃置销毁・弱点,这张卡被弃置时，驱逐对方的1张弃置区的牌。对方的防御力在3回合内下降5点。
弃置销毁・手牌破坏,驱逐对方的1张弃置区的牌。对方随机弃置1张手牌。
弃置销毁・手牌破坏・攻击,驱逐对方的1张弃置区的牌。自己随机弃置1张手牌。对对方造成10点伤害。
弃置销毁・贪欲,驱逐对方的1张弃置区的牌。这张卡被弃置时，自己从牌堆抽1张牌。
弃置销毁・贪欲,驱逐对方的1张弃置区的牌。自己从牌堆抽1张牌。
弃置销毁・贪欲,这张卡被弃置时，驱逐对方的1张弃置区的牌。这张卡被弃置时，自己从牌堆抽1张牌。
弃置销毁・销毁・攻击,驱逐对方的1张弃置区的牌。这张卡使用后被驱逐。对对方造成13点伤害。
弃置销毁・销毁・攻击,驱逐对方的1张弃置区的牌。这张卡使用后被驱逐。对对方造成15点伤害。
弃置销毁・销毁・恢复,驱逐对方的1张弃置区的牌。这张卡使用后被驱逐。自己的生命值在1回合内回复22点。
弃置销毁・销毁・雷弱点・弱点,驱逐对方的1张弃置区的牌。这张卡使用后被驱逐。对方的雷属性防御力在3回合内下降10点。对方的防御力在3回合内下降5点。
弃置销毁・销毁・雷专注・专注,驱逐对方的1张弃置区的牌。这张卡使用后被驱逐。自己的雷属性防御力在2回合内上升9点。自己的防御力在2回合内上升6点。
弃置销毁・销毁・手牌破坏・机会,驱逐对方的1张弃置区的牌。这张卡使用后被驱逐。对方随机弃置1张手牌。出牌阶段增加一次出牌机会。
弃置销毁・销毁・虚弱,驱逐对方的1张弃置区的牌。这张卡使用后被驱逐。对方的攻击力在2回合内下降15点。
弃置销毁・销毁・炎暴击,驱逐对方的1张弃置区的牌。这张卡使用后被驱逐。对对方造成5点炎属性暴击。
弃置销毁・销毁・炎弱点・攻击,驱逐对方的1张弃置区的牌。这张卡使用后被驱逐。对方的炎属性防御力在2回合内下降14点。对对方造成6点伤害。
弃置销毁・虚弱,驱逐对方的1张弃置区的牌。对方的攻击力在2回合内下降8点。
弃置销毁・虚弱,驱逐对方的1张弃置区的牌。对方的攻击力在3回合内下降5点。
弃置销毁・虚弱,驱逐对方的1张弃置区的牌。对方的攻击力在4回合内下降2点。
弃置销毁・虚弱,驱逐对方的1张弃置区的牌。这张卡被弃置时，对方的攻击力在3回合内下降5点。
弃置销毁・炎暴击,驱逐对方的1张弃置区的牌。对对方造成1点炎属性暴击。
弃置销毁・炎击,驱逐对方的1张弃置区的牌。对对方造成5点炎属性伤害。
弃置销毁・炎击,这张卡被弃置时，驱逐对方的1张弃置区的牌。对对方造成5点炎属性伤害。
弃置销毁・炎力量,驱逐对方的1张弃置区的牌。自己的炎属性攻击力在1回合内上升8点。
弃置销毁・炎力量,驱逐对方的1张弃置区的牌。自己的炎属性攻击力在2回合内上升5点。
弃置销毁・炎弱点,驱逐对方的1张弃置区的牌。对方的炎属性防御力在3回合内下降5点。
弃置销毁・炎弱点,驱逐对方的1张弃置区的牌。对方的炎属性防御力在4回合内下降2点。
弃置销毁・炎弱点,这张卡被弃置时，驱逐对方的1张弃置区的牌。对方的炎属性防御力在4回合内下降2点。
弃置销毁・炎弱点・恢复,驱逐对方的1张弃置区的牌。自己的炎属性防御力在2回合内下降4点。自己的生命值在1回合内回复15点。
弃置销毁・炎虚弱,驱逐对方的1张弃置区的牌。对方的炎属性攻击力在2回合内下降8点。
弃置销毁・炎虚弱・冰击,对自己造成8点冰属性伤害。驱逐对方的1张弃置区的牌。对方的炎属性攻击力在4回合内下降8点。
弃置销毁・炎专注,驱逐对方的1张弃置区的牌。自己的炎属性防御力在1回合内上升8点。
弃置销毁・炎专注,驱逐对方的1张弃置区的牌。自己的炎属性防御力在3回合内上升2点。
弃置销毁・专注,驱逐对方的1张弃置区的牌。这张卡被弃置时，自己的防御力在2回合内上升5点。
弃置销毁・专注,驱逐对方的1张弃置区的牌。这张卡被弃置时，自己的防御力在3回合内上升2点。
弃置销毁・专注,驱逐对方的1张弃置区的牌。自己的防御力在1回合内上升8点。
弃置销毁・专注,驱逐对方的1张弃置区的牌。自己的防御力在3回合内上升2点。
弃置销毁・专注・攻击,驱逐自己的1张弃置区的牌。对对方造成16点伤害。自己的防御力在1回合内上升14点。
弃置销毁・自我破坏・冰击,驱逐对方的1张弃置区的牌。对方自身弃置1张手牌。对对方造成8点冰属性伤害。
弃置销毁・自我破坏・回复,驱逐对方的1张弃置区的牌。对方自身弃置1张手牌。自己的生命值回复7点。
弃置销毁・自我破坏・雷专注,驱逐对方的1张弃置区的牌。对方自身弃置1张手牌。自己的雷属性防御力在2回合内上升10点。
弃置销毁・自我破坏・牌堆销毁,驱逐对方的1张弃置区的牌。这张卡被弃置时，对方自身弃置1张手牌。驱逐对方的1张牌堆的牌。
弃置销毁・自我破坏・弱点,这张卡被弃置时，驱逐对方的1张弃置区的牌。对方自身弃置1张手牌。对方的防御力在4回合内下降4点。
弃置销毁・自我破坏・贪欲,驱逐对方的1张弃置区的牌。对方自身弃置1张手牌。自己从牌堆抽1张牌。
弃置销毁・自我破坏・贪欲・炎击,驱逐对方的1张弃置区的牌。对方自身弃置1张手牌。自己从牌堆抽1张牌。对对方造成5点炎属性伤害。
弃置销毁・自我破坏・炎暴击,驱逐对方的1张弃置区的牌。这张卡被弃置时，对方自身弃置1张手牌。对对方造成3点炎属性暴击。
弃置销毁・自我破坏・炎力量,驱逐对方的1张弃置区的牌。这张卡被弃置时，对方自身弃置1张手牌。自己的炎属性攻击力在1回合内上升12点。
弃置销毁・自我破坏・专注,这张卡被弃置时，驱逐对方的1张弃置区的牌。对方自身弃置1张手牌。自己的防御力在3回合内上升4点。
弱点,对方的防御力在2回合内下降22点。
弱点,对方的防御力在3回合内下降15点。
弱点,对方的防御力在4回合内下降8点。
弱点,这张卡被弃置时，对方的防御力在2回合内下降22点。
弱点,这张卡被弃置时，对方的防御力在3回合内下降15点。
弱点,这张卡被弃置时，对方的防御力在4回合内下降8点。
弱点・冰击,对对方造成8点冰属性伤害。对方的防御力在2回合内下降10点。
弱点・冰击,对对方造成8点冰属性伤害。对方的防御力在3回合内下降7点。
弱点・冰击,对对方造成9点冰属性伤害。对方的防御力在2回合内下降9点。
弱点・冰击,对对方造成9点冰属性伤害。对方的防御力在4回合内下降3点。
弱点・冰击,对方的防御力在2回合内下降15点。对对方造成5点冰属性伤害。
弱点・冰击,对方的防御力在3回合内下降10点。这张卡被弃置时，对对方造成5点冰属性伤害。
弱点・冰击,对方的防御力在4回合内下降4点。对对方造成6点冰属性伤害。
弱点・冰击,对方的防御力在4回合内下降5点。对对方造成5点冰属性伤害。
弱点・冰力量・雷击,自己的防御力在3回合内下降4点。对对方造成16点雷属性伤害。自己的冰属性攻击力在3回合内上升4点。
弱点・冰弱点,对方的防御力在2回合内下降12点。对方的冰属性防御力在2回合内下降10点。
弱点・冰弱点,对方的防御力在2回合内下降15点。这张卡被弃置时，对方的冰属性防御力在4回合内下降2点。
弱点・冰专注,对方的防御力在4回合内下降5点。自己的冰属性防御力在3回合内上升2点。
弱点・攻击,对对方造成10点伤害。对方的防御力在2回合内下降8点。
弱点・攻击,对对方造成10点伤害。对方的防御力在3回合内下降5点。
弱点・攻击,对对方造成10点伤害。对方的防御力在4回合内下降2点。
弱点・攻击,对对方造成10点伤害。这张卡被弃置时，对方的防御力在3回合内下降5点。
弱点・攻击,对对方造成8点伤害。对方的防御力在4回合内下降4点。
弱点・攻击,对对方造成9点伤害。对方的防御力在2回合内下降9点。
弱点・攻击,对对方造成9点伤害。对方的防御力在3回合内下降6点。
弱点・攻击,对对方造成9点伤害。对方的防御力在4回合内下降3点。
弱点・攻击,对对方造成9点伤害。这张卡被弃置时，对方的防御力在4回合内下降3点。
弱点・攻击,对方的防御力在2回合内下降14点。对对方造成6点伤害。
弱点・攻击,对方的防御力在3回合内下降10点。对对方造成5点伤害。
弱点・攻击,对方的防御力在3回合内下降8点。对对方造成7点伤害。
弱点・攻击,对方的防御力在3回合内下降9点。对对方造成6点伤害。
弱点・攻击,对方的防御力在4回合内下降4点。对对方造成6点伤害。
弱点・攻击,对方的防御力在4回合内下降5点。对对方造成5点伤害。
弱点・攻击,这张卡被弃置时，对对方造成9点伤害。对方的防御力在2回合内下降9点。
弱点・攻击,这张卡被弃置时，对对方造成9点伤害。对方的防御力在3回合内下降6点。
弱点・攻击,自己的防御力在3回合内下降4点。对对方造成25点伤害。
弱点・攻击・炎击,对自己造成10点伤害。对对方造成19点炎属性伤害。对方的防御力在4回合内下降4点。
弱点・恢复,对方的防御力在2回合内下降15点。自己的生命值在2回合内回复5点。
弱点・恢复,对方的防御力在3回合内下降10点。自己的生命值在2回合内回复5点。
弱点・恢复,对方的防御力在4回合内下降5点。自己的生命值在3回合内回复2点。
弱点・恢复,这张卡被弃置时，对方的防御力在2回合内下降14点。自己的生命值在3回合内回复3点。
弱点・恢复,这张卡被弃置时，对方的防御力在3回合内下降10点。自己的生命值在3回合内回复2点。
弱点・恢复・攻击,对方的防御力在3回合内下降12点。对方的生命值在4回合内回复2点。对对方造成8点伤害。
弱点・恢复・贪欲,自己的防御力在1回合内下降9点。自己的生命值在2回合内回复12点。这张卡被弃置时，自己从牌堆抽1张牌。
弱点・回复,对方的防御力在2回合内下降14点。自己的生命值回复6点。
弱点・回复,对方的防御力在3回合内下降10点。这张卡被弃置时，自己的生命值回复5点。
弱点・回复,对方的防御力在3回合内下降9点。这张卡被弃置时，自己的生命值回复6点。
弱点・回复,对方的防御力在3回合内下降9点。自己的生命值回复6点。
弱点・回复,对方的防御力在4回合内下降5点。自己的生命值回复5点。
弱点・雷暴击,对对方造成3点雷属性暴击。对方的防御力在4回合内下降2点。
弱点・雷暴击,对方的防御力在3回合内下降8点。对对方造成2点雷属性暴击。
弱点・雷击,对对方造成10点雷属性伤害。对方的防御力在4回合内下降2点。
弱点・雷击,对对方造成9点雷属性伤害。对方的防御力在2回合内下降9点。
弱点・雷击,对对方造成9点雷属性伤害。对方的防御力在3回合内下降6点。
弱点・雷击,对方的防御力在2回合内下降15点。对对方造成5点雷属性伤害。
弱点・雷击,对方的防御力在3回合内下降9点。对对方造成6点雷属性伤害。
弱点・雷击,对方的防御力在4回合内下降4点。对对方造成6点雷属性伤害。
弱点・雷击,对方的防御力在4回合内下降5点。对对方造成5点雷属性伤害。
弱点・雷击,这张卡被弃置时，对方的防御力在4回合内下降4点。对对方造成6点雷属性伤害。
弱点・雷击・攻击,对方的防御力在4回合内下降5点。对自己造成5点雷属性伤害。这张卡被弃置时，对对方造成11点伤害。
弱点・雷弱点,对方的防御力在2回合内下降14点。对方的雷属性防御力在3回合内下降6点。
弱点・雷虚弱,对方的防御力在2回合内下降15点。对方的雷属性攻击力在4回合内下降2点。
弱点・雷虚弱,对方的防御力在3回合内下降9点。对方的雷属性攻击力在2回合内下降9点。
弱点・雷虚弱・炎击,对对方造成12点炎属性伤害。这张卡被弃置时，自己的防御力在1回合内下降8点。对方的雷属性攻击力在2回合内下降14点。
弱点・雷专注,对方的防御力在4回合内下降5点。这张卡被弃置时，自己的雷属性防御力在2回合内上升5点。
弱点・雷专注・冰击,对对方造成12点冰属性伤害。自己的防御力在3回合内下降2点。自己的雷属性防御力在3回合内上升4点。
弱点・力量,对方的防御力在2回合内下降14点。自己的攻击力在2回合内上升6点。
弱点・力量,对方的防御力在3回合内下降10点。自己的攻击力在3回合内上升2点。
弱点・力量,对方的防御力在3回合内下降9点。自己的攻击力在1回合内上升9点。
弱点・牌堆销毁・攻击,这张卡被弃置时，自己的防御力在2回合内下降7点。对对方造成14点伤害。驱逐对方的1张牌堆的牌。
弱点・破击,对对方造成3点无视防御伤害。对方的防御力在4回合内下降3点。
弱点・破击,对方的防御力在4回合内下降5点。对对方造成1点无视防御伤害。
弱点・手牌破坏,对方的防御力在3回合内下降10点。对方随机弃置1张手牌。
弱点・手牌破坏,对方的防御力在4回合内下降5点。对方随机弃置1张手牌。
弱点・手牌销毁・攻击,自己的防御力在2回合内下降7点。驱逐对方的1张手牌。对对方造成9点伤害。
弱点・贪欲,对方的防御力在2回合内下降12点。这张卡被弃置时，自己从牌堆抽1张牌。
弱点・贪欲,对方的防御力在2回合内下降14点。这张卡被弃置时，自己从牌堆抽1张牌。
弱点・贪欲,对方的防御力在2回合内下降15点。自己从牌堆抽1张牌。
弱点・贪欲,对方的防御力在4回合内下降5点。自己从牌堆抽1张牌。
弱点・销毁・手牌破坏・心灵透视,这张卡被弃置时，对方的防御力在2回合内下降18点。这张卡使用后被驱逐。对方随机弃置1张手牌。这张卡被弃置时，确认对方手卡并弃置1张手牌。
弱点・销毁・虚弱・雷击,这张卡被弃置时，对方的防御力在4回合内下降5点。这张卡使用后被驱逐。对对方造成10点雷属性伤害。对方的攻击力在3回合内下降5点。
弱点・销毁・炎虚弱,对方的防御力在4回合内下降4点。这张卡使用后被驱逐。对方的炎属性攻击力在2回合内下降16点。
弱点・虚弱,对方的防御力在2回合内下降14点。对方的攻击力在4回合内下降3点。
弱点・虚弱,对方的防御力在2回合内下降15点。对方的攻击力在2回合内下降8点。
弱点・虚弱,对方的防御力在4回合内下降4点。对方的攻击力在2回合内下降9点。
弱点・虚弱,对方的防御力在4回合内下降4点。对方的攻击力在3回合内下降6点。
弱点・虚弱,对方的防御力在4回合内下降4点。对方的攻击力在4回合内下降4点。
弱点・虚弱,对方的防御力在4回合内下降4点。这张卡被弃置时，对方的攻击力在3回合内下降6点。
弱点・虚弱,对方的防御力在4回合内下降5点。对方的攻击力在3回合内下降5点。
弱点・虚弱・攻击,自己的防御力在2回合内下降9点。对方的攻击力在2回合内下降24点。对对方造成10点伤害。
弱点・炎击,对对方造成10点炎属性伤害。对方的防御力在3回合内下降5点。
弱点・炎击,对对方造成8点炎属性伤害。对方的防御力在3回合内下降7点。
弱点・炎击,对方的防御力在4回合内下降4点。对对方造成6点炎属性伤害。
弱点・炎击,这张卡被弃置时，对对方造成8点炎属性伤害。对方的防御力在2回合内下降10点。
弱点・炎力量,对方的防御力在2回合内下降12点。自己的炎属性攻击力在1回合内上升10点。
弱点・炎力量,对方的防御力在3回合内下降6点。自己的炎属性攻击力在2回合内上升9点。
弱点・炎虚弱,对方的防御力在2回合内下降15点。对方的炎属性攻击力在2回合内下降8点。
弱点・炎虚弱,对方的防御力在4回合内下降5点。对方的炎属性攻击力在3回合内下降5点。
弱点・炎专注,对方的防御力在2回合内下降15点。自己的炎属性防御力在3回合内上升2点。
弱点・专注,对方的防御力在2回合内下降15点。自己的防御力在3回合内上升2点。
弱点・专注,对方的防御力在3回合内下降9点。这张卡被弃置时，自己的防御力在2回合内上升6点。
弱点・专注,对方的防御力在3回合内下降9点。自己的防御力在3回合内上升3点。
弱点・专注,对方的防御力在4回合内下降5点。这张卡被弃置时，自己的防御力在3回合内上升2点。
弱点・自我破坏,对方的防御力在2回合内下降30点。对方自身弃置1张手牌。
弱点・自我破坏・冰击,对方的防御力在4回合内下降5点。对方自身弃置1张手牌。对对方造成7点冰属性伤害。
弱点・自我破坏・冰虚弱,对方的防御力在2回合内下降16点。对方自身弃置1张手牌。对方的冰属性攻击力在3回合内下降9点。
弱点・自我破坏・冰专注,这张卡被弃置时，对方的防御力在4回合内下降4点。这张卡被弃置时，对方自身弃置1张手牌。自己的冰属性防御力在3回合内上升6点。
弱点・自我破坏・攻击,对方的防御力在2回合内下降20点。对方自身弃置1张手牌。对对方造成7点伤害。
弱点・自我破坏・回复,对方的防御力在2回合内下降18点。对方自身弃置1张手牌。自己的生命值回复8点。
弱点・自我破坏・破击,对方的防御力在4回合内下降6点。对方自身弃置1张手牌。对对方造成3点无视防御伤害。
弱点・自我破坏・虚弱,对方的防御力在2回合内下降16点。对方自身弃置1张手牌。对方的攻击力在3回合内下降9点。
弱点・自我破坏・专注,对方的防御力在4回合内下降5点。对方自身弃置1张手牌。自己的防御力在2回合内上升10点。
手牌破坏・冰暴击,对对方造成3点冰属性暴击。对方随机弃置1张手牌。
手牌破坏・冰暴击,对方随机弃置1张手牌。对对方造成3点冰属性暴击。
手牌破坏・冰击,对对方造成10点冰属性伤害。对方随机弃置1张手牌。
手牌破坏・冰击,对方随机弃置1张手牌。对对方造成10点冰属性伤害。
手牌破坏・冰击・攻击,对对方造成10点冰属性伤害。自己随机弃置1张手牌。对对方造成10点伤害。
手牌破坏・冰力量,对方随机弃置1张手牌。自己的冰属性攻击力在3回合内上升5点。
手牌破坏・冰弱点,对方随机弃置1张手牌。对方的冰属性防御力在3回合内下降10点。
手牌破坏・冰虚弱,对方随机弃置1张手牌。对方的冰属性攻击力在4回合内下降5点。
手牌破坏・冰专注,对方随机弃置1张手牌。自己的冰属性防御力在3回合内上升5点。
手牌破坏・攻击,对对方造成10点伤害。对方随机弃置1张手牌。
手牌破坏・攻击,对方随机弃置1张手牌。对对方造成10点伤害。
手牌破坏・攻击,对方随机弃置1张手牌。这张卡被弃置时，对对方造成10点伤害。
手牌破坏・攻击,这张卡被弃置时，对对方造成10点伤害。对方随机弃置1张手牌。
手牌破坏・攻击,这张卡被弃置时，对方随机弃置1张手牌。对对方造成10点伤害。
手牌破坏・恢复,对方随机弃置1张手牌。自己的生命值在1回合内回复15点。
手牌破坏・恢复,对方随机弃置1张手牌。自己的生命值在2回合内回复10点。
手牌破坏・恢复,自己随机弃置1张手牌。自己的生命值在2回合内回复20点。
手牌破坏・恢复・力量・破击,对方随机弃置1张手牌。这张卡被弃置时，对自己造成2点无视防御伤害。自己的生命值在2回合内回复10点。自己的攻击力在2回合内上升8点。
手牌破坏・回复,对方随机弃置1张手牌。自己的生命值回复10点。
手牌破坏・机会,对方随机弃置1张手牌。出牌阶段增加一次出牌机会。
手牌破坏・机会,这张卡被弃置时，对方随机弃置1张手牌。出牌阶段增加一次出牌机会。
手牌破坏・雷暴击,对对方造成3点雷属性暴击。对方随机弃置1张手牌。
手牌破坏・雷暴击,对方随机弃置1张手牌。对对方造成3点雷属性暴击。
手牌破坏・雷击,对对方造成10点雷属性伤害。对方随机弃置1张手牌。
手牌破坏・雷击,对方随机弃置1张手牌。对对方造成10点雷属性伤害。
手牌破坏・雷力量,对方随机弃置1张手牌。自己的雷属性攻击力在2回合内上升10点。
手牌破坏・雷弱点,对方随机弃置1张手牌。对方的雷属性防御力在4回合内下降5点。
手牌破坏・雷弱点・虚弱,自己随机弃置1张手牌。对方的雷属性防御力在2回合内下降20点。对方的攻击力在3回合内下降7点。
手牌破坏・雷虚弱,对方随机弃置1张手牌。对方的雷属性攻击力在2回合内下降15点。
手牌破坏・雷虚弱,对方随机弃置1张手牌。对方的雷属性攻击力在4回合内下降5点。
手牌破坏・雷虚弱,对方随机弃置1张手牌。这张卡被弃置时，对方的雷属性攻击力在3回合内下降10点。
手牌破坏・雷专注,对方随机弃置1张手牌。自己的雷属性防御力在1回合内上升15点。
手牌破坏・雷专注,对方随机弃置1张手牌。自己的雷属性防御力在2回合内上升10点。
手牌破坏・雷专注,对方随机弃置1张手牌。自己的雷属性防御力在3回合内上升5点。
手牌破坏・力量,对方随机弃置1张手牌。自己的攻击力在1回合内上升15点。
手牌破坏・力量,对方随机弃置1张手牌。自己的攻击力在2回合内上升10点。
手牌破坏・力量,对方随机弃置1张手牌。自己的攻击力在3回合内上升5点。
手牌破坏・力量,这张卡被弃置时，对方随机弃置1张手牌。自己的攻击力在1回合内上升15点。
手牌破坏・牌堆销毁,对方随机弃置1张手牌。驱逐对方的1张牌堆的牌。
手牌破坏・牌堆销毁,对方随机弃置1张手牌。这张卡被弃置时，驱逐对方的1张牌堆的牌。
手牌破坏・牌堆销毁,这张卡被弃置时，对方随机弃置1张手牌。驱逐对方的1张牌堆的牌。
手牌破坏・牌堆销毁・炎击,对对方造成10点炎属性伤害。自己随机弃置1张手牌。驱逐对方的1张牌堆的牌。
手牌破坏・破击,对对方造成3点无视防御伤害。对方随机弃置1张手牌。
手牌破坏・破击,对方随机弃置1张手牌。对对方造成3点无视防御伤害。
手牌破坏・破击,这张卡被弃置时，对对方造成3点无视防御伤害。对方随机弃置1张手牌。
手牌破坏・弃置销毁,对方随机弃置1张手牌。驱逐对方的1张弃置区的牌。
手牌破坏・弃置销毁,对方随机弃置1张手牌。这张卡被弃置时，驱逐对方的1张弃置区的牌。
手牌破坏・弃置销毁,这张卡被弃置时，对方随机弃置1张手牌。驱逐对方的1张弃置区的牌。
手牌破坏・弃置销毁・虚弱・攻击,对方随机弃置1张手牌。驱逐自己的1张弃置区的牌。对对方造成15点伤害。对方的攻击力在3回合内下降5点。
手牌破坏・弱点,对方随机弃置1张手牌。对方的防御力在2回合内下降15点。
手牌破坏・弱点,对方随机弃置1张手牌。对方的防御力在3回合内下降10点。
手牌破坏・弱点,对方随机弃置1张手牌。对方的防御力在4回合内下降5点。
手牌破坏・弱点,对方随机弃置1张手牌。这张卡被弃置时，对方的防御力在3回合内下降10点。
手牌破坏・弱点,自己随机弃置1张手牌。对方的防御力在3回合内下降20点。
手牌破坏・弱点・自我破坏,对方随机弃置1张手牌。对方的防御力在2回合内下降22点。对方自身弃置1张手牌。
手牌破坏・手牌销毁・炎专注,自己随机弃置1张手牌。驱逐对方的1张手牌。自己的炎属性防御力在1回合内上升8点。
手牌破坏・贪欲,对方随机弃置1张手牌。自己从牌堆抽1张牌。
手牌破坏・贪欲・攻击,对方随机弃置1张手牌。自己从牌堆抽1张牌。对对方造成5点伤害。
手牌破坏・贪欲・回复,对方随机弃置1张手牌。自己从牌堆抽1张牌。自己的生命值回复5点。
手牌破坏・销毁・回复・恢复,对方随机弃置1张手牌。这张卡使用后被驱逐。自己的生命值回复15点。自己的生命值在3回合内回复2点。
手牌破坏・销毁・弱点・攻击,对方随机弃置1张手牌。这张卡使用后被驱逐。对对方造成14点伤害。对方的防御力在3回合内下降6点。
手牌破坏・心灵透视・炎力量,自己随机弃置1张手牌。确认对方手卡并弃置1张手牌。自己的炎属性攻击力在1回合内上升18点。
手牌破坏・虚弱,对方随机弃置1张手牌。对方的攻击力在2回合内下降15点。
手牌破坏・虚弱,对方随机弃置1张手牌。对方的攻击力在3回合内下降10点。
手牌破坏・虚弱,对方随机弃置1张手牌。对方的攻击力在4回合内下降5点。
手牌破坏・虚弱,对方随机弃置1张手牌。这张卡被弃置时，对方的攻击力在2回合内下降15点。
手牌破坏・炎暴击,这张卡被弃置时，对方随机弃置1张手牌。对对方造成3点炎属性暴击。
手牌破坏・炎击,对对方造成10点炎属性伤害。对方随机弃置1张手牌。
手牌破坏・炎击,对方随机弃置1张手牌。对对方造成10点炎属性伤害。
手牌破坏・炎击,这张卡被弃置时，对方随机弃置1张手牌。对对方造成10点炎属性伤害。
手牌破坏・炎击・攻击,对方随机弃置1张手牌。对自己造成6点炎属性伤害。对对方造成17点伤害。
手牌破坏・炎力量,对方随机弃置1张手牌。自己的炎属性攻击力在1回合内上升15点。
手牌破坏・炎力量,对方随机弃置1张手牌。自己的炎属性攻击力在2回合内上升10点。
手牌破坏・炎力量,对方随机弃置1张手牌。自己的炎属性攻击力在3回合内上升5点。
手牌破坏・炎力量・攻击・破击,这张卡被弃置时，对对方造成9点伤害。对自己造成1点无视防御伤害。对方随机弃置1张手牌。自己的炎属性攻击力在2回合内上升7点。
手牌破坏・炎弱点,对方随机弃置1张手牌。对方的炎属性防御力在3回合内下降10点。
手牌破坏・炎虚弱,对方随机弃置1张手牌。这张卡被弃置时，对方的炎属性攻击力在4回合内下降5点。
手牌破坏・炎虚弱,这张卡被弃置时，对方随机弃置1张手牌。对方的炎属性攻击力在4回合内下降5点。
手牌破坏・炎专注,这张卡被弃置时，对方随机弃置1张手牌。自己的炎属性防御力在1回合内上升15点。
手牌破坏・专注,对方随机弃置1张手牌。这张卡被弃置时，自己的防御力在3回合内上升5点。
手牌破坏・专注,对方随机弃置1张手牌。自己的防御力在1回合内上升15点。
手牌破坏・专注,对方随机弃置1张手牌。自己的防御力在2回合内上升10点。
手牌破坏・专注,对方随机弃置1张手牌。自己的防御力在3回合内上升5点。
手牌破坏・专注,这张卡被弃置时，对方随机弃置1张手牌。自己的防御力在1回合内上升15点。
手牌破坏・专注・冰弱点,对方随机弃置1张手牌。这张卡被弃置时，对方的防御力在3回合内上升6点。对方的冰属性防御力在2回合内下降27点。
手牌破坏・专注・攻击,对对方造成12点伤害。自己随机弃置1张手牌。自己的防御力在1回合内上升12点。
手牌破坏・专注・力量,自己随机弃置1张手牌。自己的防御力在1回合内上升16点。自己的攻击力在3回合内上升4点。
手牌破坏・专注・销毁・炎专注,对方随机弃置1张手牌。自己的防御力在2回合内上升8点。这张卡使用后被驱逐。自己的炎属性防御力在1回合内上升18点。
手牌破坏・自我破坏・冰力量,对方随机弃置1张手牌。对方自身弃置1张手牌。自己的冰属性攻击力在2回合内上升15点。
手牌破坏・自我破坏・攻击,对方随机弃置1张手牌。对方自身弃置1张手牌。对对方造成15点伤害。
手牌破坏・自我破坏・攻击,这张卡被弃置时，对方随机弃置1张手牌。对方自身弃置1张手牌。对对方造成12点伤害。
手牌破坏・自我破坏・攻击・雷击,对方随机弃置1张手牌。对对方造成9点伤害。对方自身弃置1张手牌。对对方造成6点雷属性伤害。
手牌破坏・自我破坏・回复・冰击,对对方造成9点冰属性伤害。对方随机弃置1张手牌。对方自身弃置1张手牌。自己的生命值回复6点。
手牌破坏・自我破坏・力量・炎击,对方随机弃置1张手牌。对方自身弃置1张手牌。对对方造成9点炎属性伤害。自己的攻击力在3回合内上升3点。
手牌破坏・自我破坏・虚弱・力量,对方随机弃置1张手牌。对方自身弃置1张手牌。对方的攻击力在2回合内下降14点。自己的攻击力在3回合内上升3点。
手牌破坏・自我破坏・炎击,对方随机弃置1张手牌。对方自身弃置1张手牌。这张卡被弃置时，对对方造成12点炎属性伤害。
手牌破坏・自我破坏・炎弱点,对方随机弃置1张手牌。对方自身弃置1张手牌。对方的炎属性防御力在2回合内下降22点。
手牌破坏・自我破坏・专注・冰击,对对方造成9点冰属性伤害。对方随机弃置1张手牌。对方自身弃置1张手牌。自己的防御力在3回合内上升3点。
手牌销毁,驱逐对方的1张手牌。
手牌销毁,这张卡被弃置时，驱逐对方的1张手牌。
手牌销毁・恢复・雷专注,驱逐自己的1张手牌。自己的生命值在2回合内回复19点。自己的雷属性防御力在1回合内上升16点。
手牌销毁・回复・攻击,驱逐自己的1张手牌。自己的生命值回复19点。这张卡被弃置时，对对方造成11点伤害。
手牌销毁・雷弱点,驱逐自己的1张手牌。对方的雷属性防御力在4回合内下降15点。
手牌销毁・雷虚弱・攻击,对自己造成7点伤害。驱逐对方的1张手牌。对方的雷属性攻击力在3回合内下降9点。
手牌销毁・虚弱・炎暴击,驱逐自己的1张手牌。对方的攻击力在2回合内下降20点。对对方造成5点炎属性暴击。
手牌销毁・炎力量・攻击,对自己造成7点伤害。驱逐对方的1张手牌。自己的炎属性攻击力在2回合内上升9点。
手牌销毁・炎虚弱・弱点,驱逐自己的1张手牌。对方的炎属性攻击力在4回合内下降10点。对方的防御力在3回合内下降11点。
手牌销毁・专注・攻击,驱逐自己的1张手牌。自己的防御力在1回合内上升33点。对对方造成8点伤害。
贪欲・冰暴击,对对方造成2点冰属性暴击。自己从牌堆抽1张牌。
贪欲・冰暴击,对对方造成3点冰属性暴击。自己从牌堆抽1张牌。
贪欲・冰暴击,对方从牌堆抽1张牌。对对方造成7点冰属性暴击。
贪欲・冰击,对对方造成10点冰属性伤害。自己从牌堆抽1张牌。
贪欲・冰击,自己从牌堆抽1张牌。对对方造成10点冰属性伤害。
贪欲・冰击,自己从牌堆抽1张牌。对对方造成5点冰属性伤害。
贪欲・冰击,自己从牌堆抽1张牌。对对方造成6点冰属性伤害。
贪欲・冰击,自己从牌堆抽1张牌。对对方造成7点冰属性伤害。
贪欲・冰击,自己从牌堆抽1张牌。对对方造成8点冰属性伤害。
贪欲・冰力量,这张卡被弃置时，自己从牌堆抽1张牌。自己的冰属性攻击力在3回合内上升4点。
贪欲・冰专注,自己从牌堆抽1张牌。自己的冰属性防御力在1回合内上升15点。
贪欲・冰专注,自己从牌堆抽1张牌。自己的冰属性防御力在1回合内上升8点。
贪欲・冰专注,自己从牌堆抽1张牌。自己的冰属性防御力在3回合内上升4点。
贪欲・冰专注・冰击,对方从牌堆抽1张牌。自己的冰属性防御力在2回合内上升13点。对对方造成9点冰属性伤害。
贪欲・冰专注・力量・炎击,对方从牌堆抽1张牌。对对方造成10点炎属性伤害。自己的冰属性防御力在3回合内上升4点。这张卡被弃置时，自己的攻击力在3回合内上升4点。
贪欲・攻击,对对方造成10点伤害。这张卡被弃置时，自己从牌堆抽1张牌。
贪欲・攻击,对对方造成10点伤害。自己从牌堆抽1张牌。
贪欲・攻击,对对方造成9点伤害。这张卡被弃置时，自己从牌堆抽1张牌。
贪欲・攻击,对对方造成9点伤害。自己从牌堆抽1张牌。
贪欲・攻击,这张卡被弃置时，对对方造成10点伤害。自己从牌堆抽1张牌。
贪欲・攻击,这张卡被弃置时，自己从牌堆抽1张牌。对对方造成5点伤害。
贪欲・攻击,自己从牌堆抽1张牌。对对方造成10点伤害。
贪欲・攻击,自己从牌堆抽1张牌。对对方造成5点伤害。
贪欲・攻击,自己从牌堆抽1张牌。对对方造成6点伤害。
贪欲・攻击,自己从牌堆抽1张牌。对对方造成7点伤害。
贪欲・攻击,自己从牌堆抽1张牌。对对方造成9点伤害。
贪欲・攻击,自己从牌堆抽1张牌。这张卡被弃置时，对对方造成6点伤害。
贪欲・攻击,自己从牌堆抽1张牌。这张卡被弃置时，对对方造成8点伤害。
贪欲・恢复,这张卡被弃置时，自己从牌堆抽1张牌。自己的生命值在2回合内回复5点。
贪欲・恢复,这张卡被弃置时，自己从牌堆抽1张牌。自己的生命值在3回合内回复3点。
贪欲・恢复,自己从牌堆抽1张牌。这张卡被弃置时，自己的生命值在1回合内回复12点。
贪欲・恢复,自己从牌堆抽1张牌。自己的生命值在2回合内回复5点。
贪欲・恢复,自己从牌堆抽1张牌。自己的生命值在2回合内回复6点。
贪欲・恢复,自己从牌堆抽1张牌。自己的生命值在2回合内回复7点。
贪欲・恢复,自己从牌堆抽1张牌。自己的生命值在2回合内回复8点。
贪欲・恢复,自己从牌堆抽1张牌。自己的生命值在3回合内回复4点。
贪欲・回复,这张卡被弃置时，自己从牌堆抽1张牌。自己的生命值回复7点。
贪欲・回复,自己从牌堆抽1张牌。自己的生命值回复5点。
贪欲・回复,自己从牌堆抽1张牌。自己的生命值回复6点。
贪欲・回复,自己从牌堆抽1张牌。自己的生命值回复9点。
贪欲・回复・冰击,对对方造成9点冰属性伤害。对方从牌堆抽1张牌。自己的生命值回复12点。
贪欲・机会,自己从牌堆抽1张牌。出牌阶段增加一次出牌机会。
贪欲・机会,自己从牌堆抽1张牌。这张卡被弃置时，出牌阶段增加一次出牌机会。
贪欲・雷击,对对方造成10点雷属性伤害。自己从牌堆抽1张牌。
贪欲・雷击,对对方造成9点雷属性伤害。自己从牌堆抽1张牌。
贪欲・雷击,这张卡被弃置时，对对方造成10点雷属性伤害。自己从牌堆抽1张牌。
贪欲・雷击,自己从牌堆抽1张牌。对对方造成7点雷属性伤害。
贪欲・雷击,自己从牌堆抽1张牌。对对方造成8点雷属性伤害。
贪欲・雷力量,这张卡被弃置时，自己从牌堆抽1张牌。自己的雷属性攻击力在2回合内上升6点。
贪欲・雷力量,自己从牌堆抽1张牌。自己的雷属性攻击力在2回合内上升10点。
贪欲・雷力量,自己从牌堆抽1张牌。自己的雷属性攻击力在2回合内上升6点。
贪欲・雷弱点,自己从牌堆抽1张牌。对方的雷属性防御力在4回合内下降4点。
贪欲・雷虚弱,自己从牌堆抽1张牌。对方的雷属性攻击力在3回合内下降5点。
贪欲・雷虚弱,自己从牌堆抽1张牌。对方的雷属性攻击力在4回合内下降2点。
贪欲・雷专注,自己从牌堆抽1张牌。自己的雷属性防御力在1回合内上升10点。
贪欲・雷专注,自己从牌堆抽1张牌。自己的雷属性防御力在3回合内上升5点。
贪欲・力量,自己从牌堆抽1张牌。自己的攻击力在1回合内上升10点。
贪欲・力量,自己从牌堆抽1张牌。自己的攻击力在1回合内上升9点。
贪欲・力量,自己从牌堆抽1张牌。自己的攻击力在2回合内上升5点。
贪欲・力量,自己从牌堆抽1张牌。自己的攻击力在3回合内上升2点。
贪欲・力量,自己从牌堆抽1张牌。自己的攻击力在3回合内上升4点。
贪欲・力量・雷击,对方从牌堆抽1张牌。对对方造成17点雷属性伤害。自己的攻击力在3回合内上升5点。
贪欲・力量・炎击,对方从牌堆抽1张牌。自己的攻击力在1回合内上升15点。对对方造成12点炎属性伤害。
贪欲・力量・炎力量,对方从牌堆抽1张牌。自己的攻击力在3回合内上升6点。自己的炎属性攻击力在1回合内上升10点。
贪欲・力量・自我破坏・攻击,自己从牌堆抽1张牌。这张卡被弃置时，自己的攻击力在1回合内上升9点。对方自身弃置1张手牌。这张卡被弃置时，对对方造成6点伤害。
贪欲・牌堆销毁,自己从牌堆抽1张牌。驱逐对方的1张牌堆的牌。
贪欲・破击,对对方造成2点无视防御伤害。自己从牌堆抽1张牌。
贪欲・弃置销毁,自己从牌堆抽1张牌。驱逐对方的1张弃置区的牌。
贪欲・弱点,自己从牌堆抽1张牌。对方的防御力在2回合内下降9点。
贪欲・弱点,自己从牌堆抽1张牌。对方的防御力在3回合内下降8点。
贪欲・弱点,自己从牌堆抽1张牌。对方的防御力在4回合内下降2点。
贪欲・弱点,自己从牌堆抽1张牌。对方的防御力在4回合内下降3点。
贪欲・弱点,自己从牌堆抽1张牌。对方的防御力在4回合内下降5点。
贪欲・弱点・炎暴击,对对方造成3点炎属性暴击。对方从牌堆抽1张牌。对方的防御力在4回合内下降5点。
贪欲・弱点・自我破坏・冰击,自己从牌堆抽1张牌。对方的防御力在2回合内下降10点。对方自身弃置1张手牌。对对方造成6点冰属性伤害。
贪欲・手牌破坏,自己从牌堆抽1张牌。对方随机弃置1张手牌。
贪欲・手牌破坏・冰专注,自己从牌堆抽1张牌。这张卡被弃置时，对方随机弃置1张手牌。自己的冰属性防御力在1回合内上升8点。
贪欲・手牌销毁・虚弱,对方从牌堆抽1张牌。驱逐对方的1张手牌。对方的攻击力在2回合内下降16点。
贪欲・销毁・冰虚弱・恢复,自己从牌堆抽2张牌。这张卡使用后被驱逐。这张卡被弃置时，对方的冰属性攻击力在2回合内下降12点。自己的生命值在1回合内回复8点。
贪欲・销毁・攻击,这张卡被弃置时，自己从牌堆抽1张牌。这张卡使用后被驱逐。对对方造成11点伤害。
贪欲・销毁・机会,自己从牌堆抽1张牌。这张卡使用后被驱逐。出牌阶段增加一次出牌机会。
贪欲・心灵透视,自己从牌堆抽1张牌。确认对方手卡并弃置1张手牌。
贪欲・虚弱,这张卡被弃置时，自己从牌堆抽1张牌。对方的攻击力在3回合内下降9点。
贪欲・虚弱,这张卡被弃置时，自己从牌堆抽1张牌。对方的攻击力在4回合内下降4点。
贪欲・虚弱,自己从牌堆抽1张牌。对方的攻击力在2回合内下降14点。
贪欲・虚弱,自己从牌堆抽1张牌。对方的攻击力在3回合内下降8点。
贪欲・虚弱,自己从牌堆抽1张牌。对方的攻击力在3回合内下降9点。
贪欲・虚弱,自己从牌堆抽1张牌。对方的攻击力在4回合内下降4点。
贪欲・虚弱・攻击,对方从牌堆抽1张牌。对方的攻击力在4回合内下降6点。对对方造成8点伤害。
贪欲・虚弱・攻击・雷击,对自己造成8点伤害。自己从牌堆抽1张牌。对对方造成12点雷属性伤害。对方的攻击力在3回合内下降6点。
贪欲・虚弱・手牌破坏・攻击,自己从牌堆抽1张牌。自己的攻击力在3回合内下降2点。对方随机弃置1张手牌。对对方造成5点伤害。
贪欲・炎暴击,自己从牌堆抽1张牌。对对方造成2点炎属性暴击。
贪欲・炎击,对对方造成10点炎属性伤害。自己从牌堆抽1张牌。
贪欲・炎击,对对方造成9点炎属性伤害。这张卡被弃置时，自己从牌堆抽1张牌。
贪欲・炎击,这张卡被弃置时，自己从牌堆抽1张牌。对对方造成10点炎属性伤害。
贪欲・炎击,这张卡被弃置时，自己从牌堆抽1张牌。这张卡被弃置时，对对方造成9点炎属性伤害。
贪欲・炎击,自己从牌堆抽1张牌。对对方造成6点炎属性伤害。
贪欲・炎击,自己从牌堆抽1张牌。对对方造成7点炎属性伤害。
贪欲・炎击,自己从牌堆抽1张牌。对对方造成9点炎属性伤害。
贪欲・炎击,自己从牌堆抽1张牌。这张卡被弃置时，对对方造成9点炎属性伤害。
贪欲・炎力量,自己从牌堆抽1张牌。自己的炎属性攻击力在3回合内上升2点。
贪欲・专注,这张卡被弃置时，自己从牌堆抽1张牌。自己的防御力在3回合内上升4点。
贪欲・专注,自己从牌堆抽1张牌。这张卡被弃置时，自己的防御力在1回合内上升9点。
贪欲・专注,自己从牌堆抽1张牌。自己的防御力在1回合内上升10点。
贪欲・专注,自己从牌堆抽1张牌。自己的防御力在1回合内上升9点。
贪欲・专注,自己从牌堆抽1张牌。自己的防御力在2回合内上升9点。
贪欲・专注,自己从牌堆抽1张牌。自己的防御力在3回合内上升4点。
贪欲・专注・炎击,这张卡被弃置时，对方从牌堆抽1张牌。对对方造成16点炎属性伤害。自己的防御力在3回合内上升4点。
贪欲・自我破坏・冰击・攻击,自己从牌堆抽1张牌。对对方造成7点冰属性伤害。对方自身弃置1张手牌。这张卡被弃置时，对对方造成7点伤害。
贪欲・自我破坏・回复,自己从牌堆抽2张牌。对方自身弃置1张手牌。这张卡被弃置时，自己的生命值回复6点。
贪欲・自我破坏・手牌破坏・力量,自己从牌堆抽1张牌。对方自身弃置1张手牌。这张卡被弃置时，对方随机弃置1张手牌。自己的攻击力在2回合内上升9点。
贪欲・自我破坏・专注,自己从牌堆抽1张牌。对方自身弃置1张手牌。自己的防御力在2回合内上升7点。
销毁・冰击・攻击,对对方造成10点冰属性伤害。这张卡使用后被驱逐。这张卡被弃置时，对对方造成15点伤害。
销毁・冰力量・攻击,对对方造成10点伤害。这张卡使用后被驱逐。自己的冰属性攻击力在1回合内上升14点。
销毁・冰力量・攻击,对对方造成11点伤害。这张卡使用后被驱逐。自己的冰属性攻击力在2回合内上升12点。
销毁・冰力量・弱点,这张卡使用后被驱逐。自己的冰属性攻击力在2回合内上升16点。对方的防御力在2回合内下降14点。
销毁・冰力量・炎暴击,这张卡使用后被驱逐。对对方造成5点炎属性暴击。自己的冰属性攻击力在1回合内上升10点。
销毁・冰力量・炎击,这张卡使用后被驱逐。自己的冰属性攻击力在1回合内上升26点。对对方造成7点炎属性伤害。
销毁・冰弱点,这张卡使用后被驱逐。对方的冰属性防御力在4回合内下降12点。
销毁・冰弱点・冰力量,这张卡使用后被驱逐。对方的冰属性防御力在2回合内下降24点。自己的冰属性攻击力在2回合内上升9点。
销毁・冰弱点・雷力量・破击,对对方造成3点无视防御伤害。这张卡使用后被驱逐。对方的冰属性防御力在2回合内下降14点。自己的雷属性攻击力在3回合内上升2点。
销毁・冰弱点・破击・冰击,对对方造成3点无视防御伤害。这张卡使用后被驱逐。对对方造成10点冰属性伤害。对方的冰属性防御力在4回合内下降2点。
销毁・冰弱点・心灵透视,这张卡使用后被驱逐。对方的冰属性防御力在3回合内下降17点。确认对方手卡并弃置1张手牌。
销毁・冰虚弱・雷击,对对方造成11点雷属性伤害。这张卡使用后被驱逐。对方的冰属性攻击力在3回合内下降14点。
销毁・冰虚弱・弃置销毁,这张卡使用后被驱逐。对方的冰属性攻击力在2回合内下降22点。驱逐对方的1张弃置区的牌。
销毁・冰专注・攻击,对对方造成7点伤害。这张卡使用后被驱逐。自己的冰属性防御力在1回合内上升21点。
销毁・冰专注・虚弱,这张卡使用后被驱逐。自己的冰属性防御力在1回合内上升20点。对方的攻击力在2回合内下降18点。
销毁・冰专注・专注,这张卡使用后被驱逐。自己的冰属性防御力在3回合内上升10点。自己的防御力在2回合内上升5点。
销毁・攻击,对对方造成25点伤害。这张卡使用后被驱逐。
销毁・攻击・冰击・雷暴击,对对方造成9点伤害。这张卡使用后被驱逐。对对方造成11点冰属性伤害。对对方造成1点雷属性暴击。
销毁・攻击・破击,对对方造成13点伤害。这张卡使用后被驱逐。对对方造成4点无视防御伤害。
销毁・攻击・炎暴击,对对方造成11点伤害。这张卡使用后被驱逐。对对方造成2点炎属性暴击。
销毁・恢复,这张卡使用后被驱逐。自己的生命值在2回合内回复23点。
销毁・恢复・攻击,对对方造成10点伤害。这张卡使用后被驱逐。这张卡被弃置时，自己的生命值在1回合内回复22点。
销毁・恢复・攻击,对对方造成15点伤害。这张卡使用后被驱逐。自己的生命值在1回合内回复15点。
销毁・恢复・雷专注,这张卡使用后被驱逐。这张卡被弃置时，自己的生命值在3回合内回复9点。自己的雷属性防御力在2回合内上升7点。
销毁・恢复・弃置销毁・攻击,这张卡使用后被驱逐。自己的生命值在3回合内回复5点。驱逐对方的1张弃置区的牌。对对方造成5点伤害。
销毁・恢复・弱点,这张卡使用后被驱逐。自己的生命值在1回合内回复24点。对方的防御力在2回合内下降14点。
销毁・恢复・弱点,这张卡使用后被驱逐。自己的生命值在2回合内回复12点。对方的防御力在2回合内下降20点。
销毁・恢复・手牌破坏,这张卡使用后被驱逐。自己的生命值在2回合内回复18点。对方随机弃置1张手牌。
销毁・恢复・炎击,这张卡被弃置时，对对方造成15点炎属性伤害。这张卡使用后被驱逐。自己的生命值在3回合内回复5点。
销毁・恢复・专注,这张卡使用后被驱逐。自己的生命值在3回合内回复9点。自己的防御力在1回合内上升10点。
销毁・回复,这张卡使用后被驱逐。自己的生命值回复25点。
销毁・回复・冰击,这张卡被弃置时，对对方造成16点冰属性伤害。这张卡使用后被驱逐。这张卡被弃置时，自己的生命值回复9点。
销毁・回复・冰击,这张卡使用后被驱逐。对对方造成17点冰属性伤害。自己的生命值回复8点。
销毁・回复・冰弱点,这张卡使用后被驱逐。自己的生命值回复11点。对方的冰属性防御力在2回合内下降15点。
销毁・回复・攻击,对对方造成11点伤害。这张卡使用后被驱逐。自己的生命值回复14点。
销毁・回复・攻击,对对方造成12点伤害。这张卡使用后被驱逐。这张卡被弃置时，自己的生命值回复13点。
销毁・回复・攻击,这张卡使用后被驱逐。这张卡被弃置时，对对方造成17点伤害。自己的生命值回复8点。
销毁・回复・攻击,这张卡使用后被驱逐。自己的生命值回复15点。对对方造成8点伤害。
销毁・回复・攻击,这张卡使用后被驱逐。自己的生命值回复16点。对对方造成9点伤害。
销毁・回复・恢复,这张卡使用后被驱逐。自己的生命值回复17点。自己的生命值在2回合内回复8点。
销毁・回复・恢复・破击,对对方造成3点无视防御伤害。这张卡使用后被驱逐。自己的生命值回复9点。自己的生命值在1回合内回复9点。
销毁・回复・机会,这张卡使用后被驱逐。这张卡被弃置时，自己的生命值回复15点。出牌阶段增加一次出牌机会。
销毁・回复・机会,这张卡使用后被驱逐。自己的生命值回复15点。这张卡被弃置时，出牌阶段增加一次出牌机会。
销毁・回复・雷力量,这张卡使用后被驱逐。这张卡被弃置时，自己的生命值回复17点。自己的雷属性攻击力在3回合内上升4点。
销毁・回复・虚弱,这张卡使用后被驱逐。自己的生命值回复15点。对方的攻击力在2回合内下降15点。
销毁・回复・专注,这张卡使用后被驱逐。自己的生命值回复14点。自己的防御力在2回合内上升7点。
销毁・回复・专注・攻击,对对方造成10点伤害。这张卡使用后被驱逐。自己的生命值回复10点。自己的防御力在2回合内上升5点。
销毁・回复・专注・贪欲,这张卡使用后被驱逐。自己的生命值回复14点。自己的防御力在3回合内上升3点。自己从牌堆抽1张牌。
销毁・机会・冰弱点,这张卡使用后被驱逐。出牌阶段增加一次出牌机会。对方的冰属性防御力在2回合内下降16点。
销毁・机会・冰虚弱,这张卡使用后被驱逐。出牌阶段增加一次出牌机会。对方的冰属性攻击力在2回合内下降16点。
销毁・机会・攻击,对对方造成11点伤害。这张卡使用后被驱逐。出牌阶段增加一次出牌机会。
销毁・机会・攻击,对对方造成12点伤害。这张卡使用后被驱逐。出牌阶段增加一次出牌机会。
销毁・机会・攻击,对对方造成15点伤害。这张卡使用后被驱逐。出牌阶段增加一次出牌机会。
销毁・机会・攻击,这张卡使用后被驱逐。出牌阶段增加一次出牌机会。这张卡被弃置时，对对方造成10点伤害。
销毁・机会・攻击,这张卡使用后被驱逐。对对方造成15点伤害。这张卡被弃置时，出牌阶段增加一次出牌机会。
销毁・机会・攻击・冰击,对对方造成10点伤害。这张卡使用后被驱逐。出牌阶段增加一次出牌机会。对对方造成5点冰属性伤害。
销毁・机会・恢复,这张卡使用后被驱逐。出牌阶段增加一次出牌机会。自己的生命值在1回合内回复22点。
销毁・机会・恢复,这张卡使用后被驱逐。出牌阶段增加一次出牌机会。自己的生命值在2回合内回复15点。
销毁・机会・回复,这张卡使用后被驱逐。出牌阶段增加一次出牌机会。自己的生命值回复15点。
销毁・机会・雷击,对对方造成11点雷属性伤害。这张卡使用后被驱逐。出牌阶段增加一次出牌机会。
销毁・机会・雷击,这张卡使用后被驱逐。出牌阶段增加一次出牌机会。对对方造成15点雷属性伤害。
销毁・机会・雷击,这张卡使用后被驱逐。对对方造成15点雷属性伤害。出牌阶段增加一次出牌机会。
销毁・机会・弱点・攻击,对对方造成9点伤害。这张卡使用后被驱逐。这张卡被弃置时，出牌阶段增加一次出牌机会。对方的防御力在2回合内下降9点。
销毁・机会・弱点・恢复,这张卡使用后被驱逐。出牌阶段增加一次出牌机会。对方的防御力在4回合内下降4点。这张卡被弃置时，自己的生命值在2回合内回复6点。
销毁・机会・手牌破坏・攻击,这张卡使用后被驱逐。出牌阶段增加一次出牌机会。这张卡被弃置时，对对方造成10点伤害。对方随机弃置1张手牌。
销毁・机会・手牌销毁,这张卡使用后被驱逐。出牌阶段增加一次出牌机会。驱逐对方的1张手牌。
销毁・机会・贪欲,这张卡使用后被驱逐。出牌阶段增加一次出牌机会。这张卡被弃置时，自己从牌堆抽1张牌。
销毁・机会・贪欲・冰击,对对方造成10点冰属性伤害。这张卡使用后被驱逐。出牌阶段增加一次出牌机会。自己从牌堆抽1张牌。
销毁・机会・炎击,这张卡使用后被驱逐。对对方造成15点炎属性伤害。出牌阶段增加一次出牌机会。
销毁・机会・炎虚弱,这张卡使用后被驱逐。出牌阶段增加一次出牌机会。对方的炎属性攻击力在3回合内下降11点。
销毁・机会・炎虚弱,这张卡使用后被驱逐。出牌阶段增加一次出牌机会。对方的炎属性攻击力在3回合内下降12点。
销毁・雷暴击・攻击,这张卡使用后被驱逐。对对方造成5点雷属性暴击。对对方造成9点伤害。
销毁・雷击・攻击,这张卡使用后被驱逐。对对方造成15点雷属性伤害。对对方造成9点伤害。
销毁・雷力量・攻击,对对方造成13点伤害。这张卡使用后被驱逐。自己的雷属性攻击力在1回合内上升18点。
销毁・雷力量・攻击,这张卡使用后被驱逐。这张卡被弃置时，自己的雷属性攻击力在3回合内上升10点。对对方造成6点伤害。
销毁・雷力量・回复・攻击,对对方造成12点伤害。这张卡使用后被驱逐。这张卡被弃置时，自己的雷属性攻击力在1回合内上升12点。自己的生命值回复5点。
销毁・雷力量・破击,对对方造成4点无视防御伤害。这张卡使用后被驱逐。这张卡被弃置时，自己的雷属性攻击力在1回合内上升20点。
销毁・雷弱点・冰击,对对方造成9点冰属性伤害。这张卡使用后被驱逐。对方的雷属性防御力在3回合内下降16点。
销毁・雷弱点・攻击,这张卡使用后被驱逐。对方的雷属性防御力在3回合内下降18点。对对方造成7点伤害。
销毁・雷弱点・炎虚弱,这张卡使用后被驱逐。对方的雷属性防御力在3回合内下降18点。对方的炎属性攻击力在2回合内下降10点。
销毁・雷虚弱・攻击,这张卡使用后被驱逐。对方的雷属性攻击力在2回合内下降18点。对对方造成13点伤害。
销毁・雷虚弱・回复・攻击,对对方造成11点伤害。这张卡使用后被驱逐。对方的雷属性攻击力在4回合内下降4点。这张卡被弃置时，自己的生命值回复6点。
销毁・雷虚弱・力量,这张卡使用后被驱逐。对方的雷属性攻击力在4回合内下降9点。自己的攻击力在2回合内上升7点。
销毁・雷专注・恢复,这张卡使用后被驱逐。自己的雷属性防御力在2回合内上升12点。自己的生命值在2回合内回复13点。
销毁・雷专注・贪欲,这张卡使用后被驱逐。这张卡被弃置时，自己的雷属性防御力在3回合内上升8点。自己从牌堆抽1张牌。
销毁・力量,这张卡使用后被驱逐。自己的攻击力在3回合内上升12点。
销毁・力量・冰力量,这张卡使用后被驱逐。自己的攻击力在3回合内上升8点。自己的冰属性攻击力在2回合内上升8点。
销毁・力量・冰虚弱,这张卡使用后被驱逐。自己的攻击力在2回合内上升16点。对方的冰属性攻击力在4回合内下降4点。
销毁・力量・攻击,对对方造成12点伤害。这张卡使用后被驱逐。自己的攻击力在2回合内上升13点。
销毁・力量・攻击,对对方造成14点伤害。这张卡使用后被驱逐。自己的攻击力在3回合内上升6点。
销毁・力量・攻击,这张卡被弃置时，对对方造成10点伤害。这张卡使用后被驱逐。自己的攻击力在1回合内上升16点。
销毁・力量・攻击,这张卡使用后被驱逐。自己的攻击力在1回合内上升27点。对对方造成7点伤害。
销毁・力量・攻击,这张卡使用后被驱逐。自己的攻击力在3回合内上升9点。对对方造成7点伤害。
销毁・力量・雷击,这张卡使用后被驱逐。对对方造成13点雷属性伤害。自己的攻击力在1回合内上升12点。
销毁・力量・破击,对对方造成4点无视防御伤害。这张卡使用后被驱逐。自己的攻击力在2回合内上升12点。
销毁・力量・破击,这张卡使用后被驱逐。自己的攻击力在3回合内上升8点。对对方造成3点无视防御伤害。
销毁・力量・弱点,这张卡使用后被驱逐。自己的攻击力在3回合内上升8点。对方的防御力在3回合内下降9点。
销毁・力量・弱点・攻击,对对方造成10点伤害。这张卡使用后被驱逐。自己的攻击力在1回合内上升15点。对方的防御力在4回合内下降2点。
销毁・力量・炎击,对对方造成12点炎属性伤害。这张卡使用后被驱逐。自己的攻击力在1回合内上升16点。
销毁・力量・炎击,这张卡使用后被驱逐。自己的攻击力在2回合内上升18点。对对方造成7点炎属性伤害。
销毁・力量・炎弱点・攻击,这张卡使用后被驱逐。自己的攻击力在2回合内上升10点。对方的炎属性防御力在2回合内下降15点。对对方造成5点伤害。
销毁・力量・炎专注,这张卡使用后被驱逐。自己的攻击力在2回合内上升17点。自己的炎属性防御力在1回合内上升12点。
销毁・牌堆销毁・冰击,对对方造成15点冰属性伤害。这张卡使用后被驱逐。驱逐对方的1张牌堆的牌。
销毁・牌堆销毁・冰力量,这张卡使用后被驱逐。驱逐对方的1张牌堆的牌。自己的冰属性攻击力在2回合内上升11点。
销毁・牌堆销毁・攻击,对对方造成15点伤害。这张卡使用后被驱逐。驱逐对方的1张牌堆的牌。
销毁・牌堆销毁・回复・攻击,这张卡使用后被驱逐。驱逐对方的1张牌堆的牌。对对方造成10点伤害。自己的生命值回复5点。
销毁・牌堆销毁・机会・回复,这张卡使用后被驱逐。驱逐对方的1张牌堆的牌。出牌阶段增加一次出牌机会。自己的生命值回复5点。
销毁・牌堆销毁・机会・炎弱点,这张卡使用后被驱逐。这张卡被弃置时，驱逐对方的1张牌堆的牌。出牌阶段增加一次出牌机会。这张卡被弃置时，对方的炎属性防御力在3回合内下降5点。
销毁・牌堆销毁・破击,对对方造成4点无视防御伤害。这张卡使用后被驱逐。驱逐对方的1张牌堆的牌。
销毁・牌堆销毁・弃置销毁・恢复,这张卡使用后被驱逐。驱逐对方的1张牌堆的牌。这张卡被弃置时，驱逐对方的1张弃置区的牌。自己的生命值在1回合内回复8点。
销毁・牌堆销毁・弱点,这张卡使用后被驱逐。驱逐对方的1张牌堆的牌。对方的防御力在4回合内下降8点。
销毁・牌堆销毁・弱点・攻击,对对方造成10点伤害。这张卡使用后被驱逐。驱逐对方的1张牌堆的牌。这张卡被弃置时，对方的防御力在3回合内下降5点。
销毁・牌堆销毁・手牌销毁,这张卡使用后被驱逐。驱逐对方的1张牌堆的牌。驱逐对方的1张手牌。
销毁・牌堆销毁・炎力量・攻击,对对方造成10点伤害。这张卡使用后被驱逐。驱逐对方的1张牌堆的牌。这张卡被弃置时，自己的炎属性攻击力在1回合内上升8点。
销毁・破击・炎击,对对方造成4点无视防御伤害。这张卡使用后被驱逐。对对方造成12点炎属性伤害。
销毁・弃置销毁・攻击,这张卡被弃置时，对对方造成15点伤害。这张卡使用后被驱逐。驱逐对方的1张弃置区的牌。
销毁・弃置销毁・雷虚弱,这张卡使用后被驱逐。驱逐对方的1张弃置区的牌。对方的雷属性攻击力在3回合内下降15点。
销毁・弃置销毁・雷专注・攻击,这张卡使用后被驱逐。驱逐对方的1张弃置区的牌。对对方造成8点伤害。自己的雷属性防御力在2回合内上升7点。
销毁・弃置销毁・雷专注・攻击,这张卡使用后被驱逐。这张卡被弃置时，驱逐对方的1张弃置区的牌。自己的雷属性防御力在3回合内上升4点。对对方造成6点伤害。
销毁・弃置销毁・力量・破击,对对方造成3点无视防御伤害。这张卡使用后被驱逐。驱逐对方的1张弃置区的牌。自己的攻击力在2回合内上升5点。
销毁・弃置销毁・心灵透视,这张卡使用后被驱逐。驱逐对方的1张弃置区的牌。确认对方手卡并弃置1张手牌。
销毁・弃置销毁・虚弱,这张卡使用后被驱逐。驱逐对方的1张弃置区的牌。对方的攻击力在3回合内下降12点。
销毁・弃置销毁・炎弱点・攻击,这张卡使用后被驱逐。驱逐对方的1张弃置区的牌。对对方造成8点伤害。对方的炎属性防御力在3回合内下降7点。
销毁・弱点・冰击,这张卡使用后被驱逐。这张卡被弃置时，对方的防御力在2回合内下降21点。对对方造成11点冰属性伤害。
销毁・弱点・攻击,对对方造成12点伤害。这张卡使用后被驱逐。对方的防御力在2回合内下降20点。
销毁・弱点・攻击,这张卡使用后被驱逐。这张卡被弃置时，对方的防御力在3回合内下降20点。对对方造成5点伤害。
销毁・弱点・恢复,这张卡使用后被驱逐。对方的防御力在4回合内下降8点。自己的生命值在2回合内回复7点。
销毁・弱点・牌堆销毁,这张卡使用后被驱逐。对方的防御力在2回合内下降22点。驱逐对方的1张牌堆的牌。
销毁・弱点・贪欲,这张卡使用后被驱逐。对方的防御力在3回合内下降17点。自己从牌堆抽1张牌。
销毁・弱点・炎击,对对方造成12点炎属性伤害。这张卡使用后被驱逐。对方的防御力在4回合内下降6点。
销毁・手牌破坏・冰暴击,这张卡使用后被驱逐。对对方造成5点冰属性暴击。对方随机弃置1张手牌。
销毁・手牌破坏・攻击・冰击,这张卡使用后被驱逐。对对方造成14点伤害。对方随机弃置1张手牌。对对方造成6点冰属性伤害。
销毁・手牌破坏・攻击・冰击,这张卡使用后被驱逐。对方随机弃置1张手牌。对对方造成14点伤害。对对方造成6点冰属性伤害。
销毁・手牌破坏・贪欲・攻击,这张卡使用后被驱逐。对方随机弃置1张手牌。这张卡被弃置时，对对方造成14点伤害。自己从牌堆抽1张牌。
销毁・手牌破坏・炎击,对对方造成20点炎属性伤害。这张卡使用后被驱逐。对方随机弃置1张手牌。
销毁・手牌销毁・攻击,对对方造成10点伤害。这张卡使用后被驱逐。驱逐对方的1张手牌。
销毁・手牌销毁・攻击,这张卡使用后被驱逐。驱逐对方的1张手牌。对对方造成8点伤害。
销毁・手牌销毁・雷击,这张卡使用后被驱逐。驱逐对方的1张手牌。对对方造成10点雷属性伤害。
销毁・手牌销毁・力量,这张卡使用后被驱逐。驱逐对方的1张手牌。自己的攻击力在1回合内上升15点。
销毁・手牌销毁・心灵透视,这张卡使用后被驱逐。驱逐对方的1张手牌。确认对方手卡并弃置1张手牌。
销毁・贪欲・冰击,这张卡使用后被驱逐。自己从牌堆抽2张牌。对对方造成13点冰属性伤害。
销毁・贪欲・冰力量・攻击,这张卡使用后被驱逐。自己从牌堆抽1张牌。对对方造成14点伤害。自己的冰属性攻击力在1回合内上升9点。
销毁・贪欲・冰力量・力量,这张卡使用后被驱逐。自己从牌堆抽1张牌。自己的冰属性攻击力在2回合内上升11点。自己的攻击力在3回合内上升2点。
销毁・贪欲・攻击,这张卡使用后被驱逐。对对方造成19点伤害。自己从牌堆抽1张牌。
销毁・贪欲・攻击,这张卡使用后被驱逐。这张卡被弃置时，自己从牌堆抽1张牌。对对方造成11点伤害。
销毁・贪欲・力量・雷力量,这张卡使用后被驱逐。自己从牌堆抽1张牌。自己的攻击力在1回合内上升14点。自己的雷属性攻击力在1回合内上升8点。
销毁・贪欲・心灵透视・攻击,这张卡使用后被驱逐。自己从牌堆抽2张牌。确认对方手卡并弃置1张手牌。对对方造成5点伤害。
销毁・贪欲・炎击,对对方造成13点炎属性伤害。这张卡使用后被驱逐。自己从牌堆抽1张牌。
销毁・心灵透视・冰弱点・冰击,对对方造成11点冰属性伤害。这张卡使用后被驱逐。确认对方手卡并弃置1张手牌。对方的冰属性防御力在4回合内下降3点。
销毁・心灵透视・攻击,这张卡使用后被驱逐。对对方造成15点伤害。确认对方手卡并弃置1张手牌。
销毁・心灵透视・攻击・冰击,这张卡使用后被驱逐。确认对方手卡并弃置1张手牌。对对方造成12点伤害。对对方造成5点冰属性伤害。
销毁・心灵透视・回复・雷暴击,这张卡使用后被驱逐。确认对方手卡并弃置1张手牌。对对方造成3点雷属性暴击。自己的生命值回复6点。
销毁・心灵透视・弃置销毁,这张卡使用后被驱逐。确认对方手卡并弃置1张手牌。驱逐对方的1张弃置区的牌。
销毁・心灵透视・虚弱・攻击,对对方造成10点伤害。这张卡使用后被驱逐。确认对方手卡并弃置1张手牌。这张卡被弃置时，对方的攻击力在2回合内下降10点。
销毁・虚弱・冰击,对对方造成9点冰属性伤害。这张卡使用后被驱逐。对方的攻击力在4回合内下降6点。
销毁・虚弱・冰击・攻击,对对方造成10点冰属性伤害。这张卡使用后被驱逐。对对方造成8点伤害。对方的攻击力在2回合内下降10点。
销毁・虚弱・攻击,对对方造成15点伤害。这张卡使用后被驱逐。对方的攻击力在3回合内下降10点。
销毁・虚弱・攻击,对对方造成16点伤害。这张卡使用后被驱逐。对方的攻击力在2回合内下降14点。
销毁・虚弱・攻击,这张卡使用后被驱逐。对对方造成15点伤害。对方的攻击力在2回合内下降15点。
销毁・虚弱・攻击,这张卡使用后被驱逐。对方的攻击力在4回合内下降8点。这张卡被弃置时，对对方造成8点伤害。
销毁・虚弱・回复,这张卡使用后被驱逐。对方的攻击力在3回合内下降19点。自己的生命值回复5点。
销毁・虚弱・回复,这张卡使用后被驱逐。对方的攻击力在4回合内下降8点。自己的生命值回复8点。
销毁・虚弱・雷力量,这张卡使用后被驱逐。对方的攻击力在4回合内下降8点。自己的雷属性攻击力在2回合内上升8点。
销毁・虚弱・破击,这张卡使用后被驱逐。对对方造成4点无视防御伤害。这张卡被弃置时，对方的攻击力在2回合内下降18点。
销毁・虚弱・贪欲,这张卡使用后被驱逐。对方的攻击力在4回合内下降10点。自己从牌堆抽1张牌。
销毁・虚弱・心灵透视,这张卡使用后被驱逐。对方的攻击力在3回合内下降15点。确认对方手卡并弃置1张手牌。
销毁・炎击,这张卡使用后被驱逐。对对方造成15点炎属性伤害。
销毁・炎击・攻击,对对方造成8点炎属性伤害。这张卡使用后被驱逐。对对方造成17点伤害。
销毁・炎击・攻击,这张卡使用后被驱逐。对对方造成19点炎属性伤害。对对方造成6点伤害。
销毁・炎力量,这张卡使用后被驱逐。这张卡被弃置时，自己的炎属性攻击力在2回合内上升25点。
销毁・炎力量・攻击,对对方造成12点伤害。这张卡使用后被驱逐。自己的炎属性攻击力在3回合内上升4点。
销毁・炎力量・攻击,对对方造成17点伤害。这张卡使用后被驱逐。这张卡被弃置时，自己的炎属性攻击力在3回合内上升4点。
销毁・炎力量・攻击,这张卡使用后被驱逐。自己的炎属性攻击力在3回合内上升10点。对对方造成6点伤害。
销毁・炎力量・攻击・炎击,对对方造成10点伤害。这张卡使用后被驱逐。自己的炎属性攻击力在3回合内上升4点。对对方造成7点炎属性伤害。
销毁・炎力量・弱点・攻击,这张卡被弃置时，对对方造成10点伤害。这张卡使用后被驱逐。自己的炎属性攻击力在1回合内上升14点。对方的防御力在4回合内下降3点。
销毁・炎弱点,这张卡使用后被驱逐。对方的炎属性防御力在3回合内下降25点。
销毁・炎弱点・弱点,这张卡使用后被驱逐。对方的炎属性防御力在3回合内下降18点。对方的防御力在2回合内下降10点。
销毁・炎弱点・弱点,这张卡使用后被驱逐。对方的炎属性防御力在3回合内下降18点。这张卡被弃置时，对方的防御力在3回合内下降7点。
销毁・炎弱点・炎击,这张卡使用后被驱逐。对对方造成16点炎属性伤害。对方的炎属性防御力在4回合内下降4点。
销毁・炎虚弱・攻击,对对方造成12点伤害。这张卡使用后被驱逐。对方的炎属性攻击力在2回合内下降20点。
销毁・炎虚弱・机会,这张卡使用后被驱逐。这张卡被弃置时，对方的炎属性攻击力在2回合内下降20点。出牌阶段增加一次出牌机会。
销毁・炎虚弱・炎击,这张卡使用后被驱逐。这张卡被弃置时，对方的炎属性攻击力在2回合内下降28点。这张卡被弃置时，对对方造成6点炎属性伤害。
销毁・炎专注・冰击,这张卡使用后被驱逐。这张卡被弃置时，对对方造成14点冰属性伤害。自己的炎属性防御力在1回合内上升12点。
销毁・炎专注・攻击,对对方造成12点伤害。这张卡使用后被驱逐。自己的炎属性防御力在3回合内上升6点。
销毁・炎专注・攻击,对对方造成9点伤害。这张卡使用后被驱逐。自己的炎属性防御力在1回合内上升24点。
销毁・专注・攻击,对对方造成12点伤害。这张卡使用后被驱逐。自己的防御力在2回合内上升9点。
销毁・专注・攻击,对对方造成15点伤害。这张卡使用后被驱逐。自己的防御力在3回合内上升5点。
销毁・专注・攻击,这张卡使用后被驱逐。对对方造成10点伤害。自己的防御力在2回合内上升15点。
销毁・专注・攻击,这张卡使用后被驱逐。自己的防御力在1回合内上升26点。对对方造成8点伤害。
销毁・专注・攻击,这张卡使用后被驱逐。自己的防御力在2回合内上升13点。对对方造成9点伤害。
销毁・专注・机会,这张卡使用后被驱逐。自己的防御力在3回合内上升7点。出牌阶段增加一次出牌机会。
销毁・专注・力量,这张卡使用后被驱逐。这张卡被弃置时，自己的防御力在2回合内上升7点。自己的攻击力在2回合内上升18点。
销毁・专注・破击,这张卡使用后被驱逐。自己的防御力在2回合内上升17点。对对方造成2点无视防御伤害。
销毁・专注・炎暴击・攻击,对对方造成3点炎属性暴击。这张卡使用后被驱逐。对对方造成9点伤害。自己的防御力在3回合内上升2点。
销毁・自我破坏・雷击・攻击,这张卡使用后被驱逐。对对方造成15点雷属性伤害。这张卡被弃置时，自己自身弃置1张手牌。对对方造成5点伤害。
销毁・自我破坏・炎力量,这张卡使用后被驱逐。对方自身弃置1张手牌。自己的炎属性攻击力在2回合内上升21点。
心灵透视・冰暴击,确认对方手卡并弃置1张手牌。对对方造成2点冰属性暴击。
心灵透视・冰击,对对方造成7点冰属性伤害。确认对方手卡并弃置1张手牌。
心灵透视・冰击,确认对方手卡并弃置1张手牌。对对方造成7点冰属性伤害。
心灵透视・冰击,这张卡被弃置时，确认对方手卡并弃置1张手牌。对对方造成7点冰属性伤害。
心灵透视・冰力量,确认对方手卡并弃置1张手牌。这张卡被弃置时，自己的冰属性攻击力在1回合内上升10点。
心灵透视・冰力量,确认对方手卡并弃置1张手牌。自己的冰属性攻击力在3回合内上升4点。
心灵透视・冰弱点,确认对方手卡并弃置1张手牌。对方的冰属性防御力在2回合内下降10点。
心灵透视・冰弱点,确认对方手卡并弃置1张手牌。对方的冰属性防御力在4回合内下降4点。
心灵透视・冰弱点,确认对方手卡并弃置1张手牌。这张卡被弃置时，对方的冰属性防御力在3回合内下降7点。
心灵透视・冰弱点,这张卡被弃置时，确认对方手卡并弃置1张手牌。对方的冰属性防御力在2回合内下降10点。
心灵透视・冰弱点・冰击,确认自己手卡并弃置1张手牌。对方的冰属性防御力在4回合内下降8点。对对方造成7点冰属性伤害。
心灵透视・冰虚弱,确认对方手卡并弃置1张手牌。对方的冰属性攻击力在2回合内下降10点。
心灵透视・冰虚弱,确认对方手卡并弃置1张手牌。对方的冰属性攻击力在4回合内下降4点。
心灵透视・冰专注,确认对方手卡并弃置1张手牌。自己的冰属性防御力在1回合内上升10点。
心灵透视・冰专注,确认对方手卡并弃置1张手牌。自己的冰属性防御力在2回合内上升7点。
心灵透视・冰专注・自我破坏・恢复,确认对方手卡并弃置1张手牌。自己的冰属性防御力在1回合内上升9点。对方自身弃置1张手牌。这张卡被弃置时，自己的生命值在2回合内回复6点。
心灵透视・攻击,对对方造成7点伤害。确认对方手卡并弃置1张手牌。
心灵透视・攻击,确认对方手卡并弃置1张手牌。对对方造成7点伤害。
心灵透视・攻击,确认对方手卡并弃置1张手牌。这张卡被弃置时，对对方造成7点伤害。
心灵透视・攻击,确认自己手卡并弃置1张手牌。对对方造成23点伤害。
心灵透视・攻击,这张卡被弃置时，确认对方手卡并弃置1张手牌。对对方造成7点伤害。
心灵透视・恢复,确认对方手卡并弃置1张手牌。自己的生命值在1回合内回复10点。
心灵透视・恢复,确认对方手卡并弃置1张手牌。自己的生命值在2回合内回复7点。
心灵透视・恢复,确认对方手卡并弃置1张手牌。自己的生命值在3回合内回复4点。
心灵透视・恢复,这张卡被弃置时，确认对方手卡并弃置1张手牌。这张卡被弃置时，自己的生命值在3回合内回复4点。
心灵透视・恢复・攻击,确认自己手卡并弃置1张手牌。对对方造成17点伤害。自己的生命值在2回合内回复6点。
心灵透视・回复,确认对方手卡并弃置1张手牌。这张卡被弃置时，自己的生命值回复7点。
心灵透视・回复,确认对方手卡并弃置1张手牌。自己的生命值回复7点。
心灵透视・雷暴击,确认对方手卡并弃置1张手牌。这张卡被弃置时，对对方造成2点雷属性暴击。
心灵透视・雷击,确认对方手卡并弃置1张手牌。对对方造成7点雷属性伤害。
心灵透视・雷击,确认对方手卡并弃置1张手牌。这张卡被弃置时，对对方造成7点雷属性伤害。
心灵透视・雷击,这张卡被弃置时，确认对方手卡并弃置1张手牌。对对方造成7点雷属性伤害。
心灵透视・雷力量,确认对方手卡并弃置1张手牌。自己的雷属性攻击力在1回合内上升10点。
心灵透视・雷力量,确认对方手卡并弃置1张手牌。自己的雷属性攻击力在2回合内上升7点。
心灵透视・雷弱点,确认对方手卡并弃置1张手牌。对方的雷属性防御力在4回合内下降4点。
心灵透视・雷虚弱,确认对方手卡并弃置1张手牌。对方的雷属性攻击力在3回合内下降7点。
心灵透视・雷虚弱,确认对方手卡并弃置1张手牌。对方的雷属性攻击力在4回合内下降4点。
心灵透视・雷虚弱,这张卡被弃置时，确认对方手卡并弃置1张手牌。对方的雷属性攻击力在4回合内下降4点。
心灵透视・雷专注,确认对方手卡并弃置1张手牌。自己的雷属性防御力在2回合内上升7点。
心灵透视・力量,确认对方手卡并弃置1张手牌。自己的攻击力在1回合内上升10点。
心灵透视・力量,确认对方手卡并弃置1张手牌。自己的攻击力在2回合内上升7点。
心灵透视・力量,确认对方手卡并弃置1张手牌。自己的攻击力在3回合内上升4点。
心灵透视・力量・攻击,确认自己手卡并弃置1张手牌。对对方造成13点伤害。自己的攻击力在1回合内上升15点。
心灵透视・破击,确认对方手卡并弃置1张手牌。对对方造成2点无视防御伤害。
心灵透视・弱点,确认对方手卡并弃置1张手牌。对方的防御力在2回合内下降10点。
心灵透视・弱点,确认对方手卡并弃置1张手牌。对方的防御力在3回合内下降7点。
心灵透视・弱点,确认对方手卡并弃置1张手牌。对方的防御力在4回合内下降4点。
心灵透视・弱点,这张卡被弃置时，确认对方手卡并弃置1张手牌。对方的防御力在2回合内下降10点。
心灵透视・弱点・攻击,确认对方手卡并弃置1张手牌。这张卡被弃置时，自己的防御力在1回合内下降9点。对对方造成14点伤害。
心灵透视・手牌破坏・冰弱点,确认自己手卡并弃置1张手牌。对方随机弃置1张手牌。这张卡被弃置时，对方的冰属性防御力在4回合内下降9点。
心灵透视・手牌销毁・攻击,确认自己手卡并弃置1张手牌。驱逐对方的1张手牌。对对方造成8点伤害。
心灵透视・贪欲,确认对方手卡并弃置1张手牌。自己从牌堆抽1张牌。
心灵透视・贪欲,这张卡被弃置时，确认对方手卡并弃置1张手牌。自己从牌堆抽1张牌。
心灵透视・贪欲・回复・冰击,确认对方手卡并弃置1张手牌。对自己造成6点冰属性伤害。自己从牌堆抽1张牌。自己的生命值回复8点。
心灵透视・销毁・冰专注,确认对方手卡并弃置1张手牌。这张卡使用后被驱逐。自己的冰属性防御力在3回合内上升6点。
心灵透视・销毁・攻击,确认对方手卡并弃置1张手牌。这张卡使用后被驱逐。对对方造成17点伤害。
心灵透视・销毁・回复・炎虚弱,确认对方手卡并弃置1张手牌。这张卡使用后被驱逐。自己的生命值回复11点。这张卡被弃置时，对方的炎属性攻击力在2回合内下降9点。
心灵透视・销毁・弱点・攻击,确认对方手卡并弃置1张手牌。这张卡使用后被驱逐。对方的防御力在3回合内下降12点。对对方造成5点伤害。
心灵透视・销毁・炎虚弱・雷暴击,确认对方手卡并弃置1张手牌。这张卡使用后被驱逐。对方的炎属性攻击力在4回合内下降6点。对对方造成2点雷属性暴击。
心灵透视・虚弱,确认对方手卡并弃置1张手牌。对方的攻击力在2回合内下降10点。
心灵透视・虚弱,确认对方手卡并弃置1张手牌。对方的攻击力在3回合内下降7点。
心灵透视・虚弱,确认对方手卡并弃置1张手牌。对方的攻击力在4回合内下降4点。
心灵透视・虚弱・冰击,确认自己手卡并弃置1张手牌。对方的攻击力在2回合内下降21点。对对方造成9点冰属性伤害。
心灵透视・炎暴击,确认对方手卡并弃置1张手牌。对对方造成2点炎属性暴击。
心灵透视・炎击,对对方造成7点炎属性伤害。这张卡被弃置时，确认对方手卡并弃置1张手牌。
心灵透视・炎击,确认对方手卡并弃置1张手牌。对对方造成7点炎属性伤害。
心灵透视・炎击,这张卡被弃置时，确认对方手卡并弃置1张手牌。对对方造成7点炎属性伤害。
心灵透视・炎击・攻击,确认自己手卡并弃置1张手牌。对对方造成12点炎属性伤害。对对方造成11点伤害。
心灵透视・炎力量,确认对方手卡并弃置1张手牌。自己的炎属性攻击力在3回合内上升4点。
心灵透视・炎弱点,确认对方手卡并弃置1张手牌。对方的炎属性防御力在2回合内下降10点。
心灵透视・炎弱点,确认对方手卡并弃置1张手牌。对方的炎属性防御力在3回合内下降7点。
心灵透视・炎弱点,确认对方手卡并弃置1张手牌。对方的炎属性防御力在4回合内下降4点。
心灵透视・炎虚弱,确认对方手卡并弃置1张手牌。对方的炎属性攻击力在4回合内下降4点。
心灵透视・炎专注,确认对方手卡并弃置1张手牌。自己的炎属性防御力在1回合内上升10点。
心灵透视・炎专注,确认对方手卡并弃置1张手牌。自己的炎属性防御力在2回合内上升7点。
心灵透视・炎专注,确认对方手卡并弃置1张手牌。自己的炎属性防御力在3回合内上升4点。
心灵透视・专注,确认对方手卡并弃置1张手牌。自己的防御力在1回合内上升10点。
心灵透视・专注,确认对方手卡并弃置1张手牌。自己的防御力在2回合内上升7点。
心灵透视・专注,确认对方手卡并弃置1张手牌。自己的防御力在3回合内上升4点。
心灵透视・专注,这张卡被弃置时，确认对方手卡并弃置1张手牌。自己的防御力在3回合内上升4点。
心灵透视・自我破坏・冰击,确认对方手卡并弃置1张手牌。对对方造成12点冰属性伤害。对方自身弃置1张手牌。
心灵透视・自我破坏・冰虚弱,确认对方手卡并弃置1张手牌。对方自身弃置1张手牌。对方的冰属性攻击力在3回合内下降8点。
心灵透视・自我破坏・攻击,确认对方手卡并弃置1张手牌。对方自身弃置1张手牌。对对方造成9点伤害。
心灵透视・自我破坏・雷虚弱・手牌破坏,确认对方手卡并弃置1张手牌。对方自身弃置1张手牌。对方的雷属性攻击力在2回合内下降10点。对方随机弃置1张手牌。
心灵透视・自我破坏・弱点,这张卡被弃置时，确认对方手卡并弃置1张手牌。对方自身弃置1张手牌。对方的防御力在4回合内下降5点。
心灵透视・自我破坏・专注,确认对方手卡并弃置1张手牌。对方自身弃置1张手牌。这张卡被弃置时，自己的防御力在1回合内上升15点。
虚弱,对方的攻击力在2回合内下降22点。
虚弱,对方的攻击力在3回合内下降15点。
虚弱,对方的攻击力在4回合内下降8点。
虚弱,这张卡被弃置时，对方的攻击力在2回合内下降22点。
虚弱,这张卡被弃置时，对方的攻击力在3回合内下降15点。
虚弱,这张卡被弃置时，对方的攻击力在4回合内下降8点。
虚弱・冰击,对对方造成10点冰属性伤害。对方的攻击力在4回合内下降2点。
虚弱・冰击,对对方造成8点冰属性伤害。对方的攻击力在3回合内下降7点。
虚弱・冰击,对对方造成8点冰属性伤害。这张卡被弃置时，对方的攻击力在2回合内下降10点。
虚弱・冰击,对对方造成9点冰属性伤害。这张卡被弃置时，对方的攻击力在2回合内下降9点。
虚弱・冰击,对方的攻击力在4回合内下降4点。对对方造成6点冰属性伤害。
虚弱・冰击・攻击,对自己造成9点冰属性伤害。对对方造成17点伤害。对方的攻击力在2回合内下降14点。
虚弱・冰力量・攻击,自己的攻击力在1回合内下降15点。对对方造成21点伤害。自己的冰属性攻击力在2回合内上升7点。
虚弱・冰弱点,对方的攻击力在2回合内下降14点。对方的冰属性防御力在4回合内下降3点。
虚弱・冰专注,对方的攻击力在2回合内下降15点。这张卡被弃置时，自己的冰属性防御力在3回合内上升2点。
虚弱・攻击,对对方造成10点伤害。对方的攻击力在2回合内下降8点。
虚弱・攻击,对对方造成10点伤害。对方的攻击力在4回合内下降2点。
虚弱・攻击,对对方造成10点伤害。这张卡被弃置时，对方的攻击力在3回合内下降5点。
虚弱・攻击,对对方造成8点伤害。对方的攻击力在3回合内下降7点。
虚弱・攻击,对对方造成9点伤害。对方的攻击力在2回合内下降9点。
虚弱・攻击,对对方造成9点伤害。对方的攻击力在3回合内下降6点。
虚弱・攻击,对对方造成9点伤害。对方的攻击力在4回合内下降3点。
虚弱・攻击,对方的攻击力在2回合内下降12点。对对方造成7点伤害。
虚弱・攻击,对方的攻击力在2回合内下降14点。对对方造成6点伤害。
虚弱・攻击,对方的攻击力在2回合内下降15点。对对方造成5点伤害。
虚弱・攻击,对方的攻击力在3回合内下降10点。对对方造成5点伤害。
虚弱・攻击,对方的攻击力在3回合内下降8点。对对方造成7点伤害。
虚弱・攻击,对方的攻击力在4回合内下降5点。对对方造成5点伤害。
虚弱・攻击,这张卡被弃置时，对方的攻击力在3回合内下降9点。对对方造成6点伤害。
虚弱・恢复,对方的攻击力在2回合内下降15点。自己的生命值在1回合内回复8点。
虚弱・恢复,这张卡被弃置时，对方的攻击力在3回合内下降9点。自己的生命值在2回合内回复6点。
虚弱・回复,对方的攻击力在2回合内下降14点。自己的生命值回复6点。
虚弱・回复,对方的攻击力在3回合内下降10点。这张卡被弃置时，自己的生命值回复5点。
虚弱・回复,对方的攻击力在3回合内下降10点。自己的生命值回复5点。
虚弱・回复,对方的攻击力在3回合内下降9点。自己的生命值回复6点。
虚弱・回复,对方的攻击力在4回合内下降4点。自己的生命值回复6点。
虚弱・回复,对方的攻击力在4回合内下降5点。自己的生命值回复5点。
虚弱・回复・牌堆销毁・力量,自己的攻击力在3回合内下降5点。自己的生命值回复12点。驱逐对方的1张牌堆的牌。自己的攻击力在1回合内上升8点。
虚弱・机会・雷专注・恢复,自己的攻击力在2回合内下降9点。出牌阶段增加一次出牌机会。自己的雷属性防御力在2回合内上升9点。自己的生命值在3回合内回复4点。
虚弱・机会・炎专注,自己的攻击力在2回合内下降8点。出牌阶段增加一次出牌机会。自己的炎属性防御力在3回合内上升8点。
虚弱・雷击,对对方造成10点雷属性伤害。对方的攻击力在4回合内下降2点。
虚弱・雷击,对对方造成10点雷属性伤害。这张卡被弃置时，对方的攻击力在2回合内下降8点。
虚弱・雷击,对对方造成8点雷属性伤害。对方的攻击力在4回合内下降4点。
虚弱・雷击,对方的攻击力在4回合内下降4点。对对方造成6点雷属性伤害。
虚弱・雷力量,对方的攻击力在4回合内下降5点。自己的雷属性攻击力在3回合内上升2点。
虚弱・雷虚弱,对方的攻击力在2回合内下降14点。对方的雷属性攻击力在3回合内下降6点。
虚弱・雷虚弱・攻击,自己的攻击力在1回合内下降14点。这张卡被弃置时，对方的雷属性攻击力在3回合内下降15点。对对方造成11点伤害。
虚弱・雷虚弱・贪欲・炎力量,对方的攻击力在4回合内下降4点。自己的雷属性攻击力在3回合内下降2点。自己从牌堆抽1张牌。自己的炎属性攻击力在3回合内上升2点。
虚弱・雷专注・攻击,对方的攻击力在4回合内下降5点。这张卡被弃置时，对方的雷属性防御力在3回合内上升4点。这张卡被弃置时，对对方造成10点伤害。
虚弱・力量,对方的攻击力在2回合内下降12点。自己的攻击力在1回合内上升10点。
虚弱・力量,对方的攻击力在2回合内下降14点。自己的攻击力在2回合内上升6点。
虚弱・力量,对方的攻击力在2回合内下降15点。自己的攻击力在1回合内上升8点。
虚弱・力量,对方的攻击力在4回合内下降5点。自己的攻击力在2回合内上升5点。
虚弱・力量・回复,自己的攻击力在2回合内下降8点。自己的攻击力在3回合内上升8点。自己的生命值回复9点。
虚弱・破击,对对方造成3点无视防御伤害。这张卡被弃置时，对方的攻击力在3回合内下降6点。
虚弱・破击,对方的攻击力在2回合内下降15点。对对方造成1点无视防御伤害。
虚弱・弃置销毁・攻击,对对方造成10点伤害。自己的攻击力在2回合内下降4点。这张卡被弃置时，驱逐对方的1张弃置区的牌。
虚弱・弱点,对方的攻击力在2回合内下降15点。对方的防御力在4回合内下降2点。
虚弱・弱点,对方的攻击力在2回合内下降15点。这张卡被弃置时，对方的防御力在2回合内下降8点。
虚弱・弱点,对方的攻击力在3回合内下降9点。对方的防御力在2回合内下降9点。
虚弱・弱点,对方的攻击力在4回合内下降5点。对方的防御力在4回合内下降2点。
虚弱・手牌破坏,对方的攻击力在2回合内下降15点。对方随机弃置1张手牌。
虚弱・手牌破坏,对方的攻击力在3回合内下降10点。对方随机弃置1张手牌。
虚弱・手牌破坏,对方的攻击力在4回合内下降5点。对方随机弃置1张手牌。
虚弱・贪欲,对方的攻击力在3回合内下降10点。这张卡被弃置时，自己从牌堆抽1张牌。
虚弱・贪欲,对方的攻击力在3回合内下降10点。自己从牌堆抽1张牌。
虚弱・贪欲,对方的攻击力在4回合内下降4点。自己从牌堆抽1张牌。
虚弱・贪欲,对方的攻击力在4回合内下降5点。自己从牌堆抽1张牌。
虚弱・销毁・恢复,对方的攻击力在4回合内下降4点。这张卡使用后被驱逐。这张卡被弃置时，自己的生命值在3回合内回复8点。
虚弱・销毁・雷虚弱・专注,对方的攻击力在3回合内下降10点。这张卡使用后被驱逐。这张卡被弃置时，对方的雷属性攻击力在4回合内下降5点。自己的防御力在2回合内上升5点。
虚弱・销毁・手牌销毁,对方的攻击力在4回合内下降5点。这张卡使用后被驱逐。驱逐对方的1张手牌。
虚弱・销毁・心灵透视・专注,对方的攻击力在3回合内下降12点。这张卡使用后被驱逐。确认对方手卡并弃置1张手牌。自己的防御力在3回合内上升2点。
虚弱・心灵透视・冰击,这张卡被弃置时，对自己造成7点冰属性伤害。对方的攻击力在3回合内下降16点。这张卡被弃置时，确认对方手卡并弃置1张手牌。
虚弱・炎击,对对方造成10点炎属性伤害。对方的攻击力在2回合内下降8点。
虚弱・炎击,对对方造成10点炎属性伤害。对方的攻击力在4回合内下降2点。
虚弱・炎击,对对方造成9点炎属性伤害。对方的攻击力在4回合内下降3点。
虚弱・炎弱点,对方的攻击力在2回合内下降15点。对方的炎属性防御力在3回合内下降5点。
虚弱・炎弱点,对方的攻击力在4回合内下降4点。对方的炎属性防御力在4回合内下降3点。
虚弱・炎虚弱,对方的攻击力在3回合内下降9点。对方的炎属性攻击力在4回合内下降3点。
虚弱・炎专注,对方的攻击力在3回合内下降10点。自己的炎属性防御力在3回合内上升2点。
虚弱・专注,对方的攻击力在2回合内下降15点。自己的防御力在1回合内上升8点。
虚弱・专注,对方的攻击力在3回合内下降10点。自己的防御力在3回合内上升2点。
虚弱・专注,对方的攻击力在3回合内下降9点。自己的防御力在1回合内上升9点。
虚弱・专注,对方的攻击力在4回合内下降4点。这张卡被弃置时，自己的防御力在2回合内上升7点。
虚弱・专注,对方的攻击力在4回合内下降4点。自己的防御力在3回合内上升4点。
虚弱・专注・攻击,自己的攻击力在1回合内下降14点。对对方造成11点伤害。自己的防御力在3回合内上升8点。
虚弱・自我破坏,对方的攻击力在2回合内下降15点。自己自身弃置1张手牌。
虚弱・自我破坏・恢复,对方的攻击力在2回合内下降20点。对方自身弃置1张手牌。这张卡被弃置时，自己的生命值在1回合内回复10点。
虚弱・自我破坏・手牌破坏・冰专注,对方的攻击力在3回合内下降10点。这张卡被弃置时，对方自身弃置1张手牌。对方随机弃置1张手牌。自己的冰属性防御力在2回合内上升5点。
虚弱・自我破坏・炎虚弱,对方的攻击力在3回合内下降13点。对方自身弃置1张手牌。对方的炎属性攻击力在4回合内下降4点。
炎暴击,对对方造成5点炎属性暴击。
炎暴击,这张卡被弃置时，对对方造成5点炎属性暴击。
炎暴击・冰击,这张卡被弃置时，对对方造成3点炎属性暴击。对对方造成6点冰属性伤害。
炎暴击・攻击,对对方造成3点炎属性暴击。对对方造成5点伤害。
炎暴击・雷击,对对方造成3点炎属性暴击。对对方造成6点雷属性伤害。
炎暴击・炎击,对对方造成3点炎属性暴击。对对方造成5点炎属性伤害。
炎击,对对方造成15点炎属性伤害。
炎击,这张卡被弃置时，对对方造成15点炎属性伤害。
炎击・冰暴击,对对方造成9点炎属性伤害。对对方造成2点冰属性暴击。
炎击・攻击,对对方造成10点炎属性伤害。对对方造成5点伤害。
炎击・攻击,对对方造成10点炎属性伤害。这张卡被弃置时，对对方造成5点伤害。
炎击・攻击,对对方造成8点炎属性伤害。对对方造成7点伤害。
炎击・攻击,对对方造成9点炎属性伤害。对对方造成6点伤害。
炎击・攻击,这张卡被弃置时，对对方造成9点炎属性伤害。对对方造成6点伤害。
炎力量,这张卡被弃置时，自己的炎属性攻击力在1回合内上升22点。
炎力量,这张卡被弃置时，自己的炎属性攻击力在2回合内上升15点。
炎力量,自己的炎属性攻击力在1回合内上升22点。
炎力量,自己的炎属性攻击力在2回合内上升15点。
炎力量,自己的炎属性攻击力在3回合内上升8点。
炎力量・冰暴击,对对方造成3点冰属性暴击。自己的炎属性攻击力在1回合内上升8点。
炎力量・冰击,这张卡被弃置时，对对方造成10点冰属性伤害。自己的炎属性攻击力在3回合内上升2点。
炎力量・冰弱点,自己的炎属性攻击力在1回合内上升15点。对方的冰属性防御力在4回合内下降2点。
炎力量・冰专注,这张卡被弃置时，自己的炎属性攻击力在2回合内上升9点。自己的冰属性防御力在3回合内上升3点。
炎力量・攻击,对对方造成10点伤害。自己的炎属性攻击力在2回合内上升5点。
炎力量・攻击,对对方造成7点伤害。自己的炎属性攻击力在3回合内上升4点。
炎力量・攻击,对对方造成9点伤害。这张卡被弃置时，自己的炎属性攻击力在3回合内上升3点。
炎力量・攻击,对对方造成9点伤害。自己的炎属性攻击力在1回合内上升9点。
炎力量・攻击,对方的炎属性攻击力在3回合内上升8点。对对方造成25点伤害。
炎力量・攻击,这张卡被弃置时，自己的炎属性攻击力在1回合内上升14点。对对方造成6点伤害。
炎力量・攻击,自己的炎属性攻击力在1回合内上升15点。对对方造成5点伤害。
炎力量・攻击,自己的炎属性攻击力在1回合内上升15点。这张卡被弃置时，对对方造成5点伤害。
炎力量・攻击,自己的炎属性攻击力在3回合内上升5点。对对方造成5点伤害。
炎力量・恢复,自己的炎属性攻击力在1回合内上升12点。自己的生命值在3回合内回复4点。
炎力量・恢复,自己的炎属性攻击力在3回合内上升4点。这张卡被弃置时，自己的生命值在3回合内回复3点。
炎力量・恢复,自己的炎属性攻击力在3回合内上升5点。这张卡被弃置时，自己的生命值在3回合内回复2点。
炎力量・恢复,自己的炎属性攻击力在3回合内上升5点。自己的生命值在3回合内回复2点。
炎力量・回复,自己的炎属性攻击力在2回合内上升10点。自己的生命值回复5点。
炎力量・回复,自己的炎属性攻击力在3回合内上升4点。自己的生命值回复6点。
炎力量・雷击,对对方造成10点雷属性伤害。自己的炎属性攻击力在2回合内上升5点。
炎力量・雷击,对对方造成9点雷属性伤害。自己的炎属性攻击力在2回合内上升6点。
炎力量・雷击,自己的炎属性攻击力在1回合内上升15点。对对方造成5点雷属性伤害。
炎力量・雷专注,自己的炎属性攻击力在2回合内上升9点。自己的雷属性防御力在2回合内上升6点。
炎力量・力量・弃置销毁,对方的炎属性攻击力在4回合内上升5点。自己的攻击力在1回合内上升27点。驱逐对方的1张弃置区的牌。
炎力量・牌堆销毁・雷弱点・攻击,对自己造成11点伤害。自己的炎属性攻击力在2回合内上升14点。驱逐对方的1张牌堆的牌。对方的雷属性防御力在4回合内下降2点。
炎力量・破击,自己的炎属性攻击力在1回合内上升14点。这张卡被弃置时，对对方造成2点无视防御伤害。
炎力量・破击,自己的炎属性攻击力在2回合内上升9点。对对方造成2点无视防御伤害。
炎力量・贪欲,自己的炎属性攻击力在2回合内上升9点。自己从牌堆抽1张牌。
炎力量・贪欲,自己的炎属性攻击力在3回合内上升5点。自己从牌堆抽1张牌。
炎力量・销毁・冰击,这张卡被弃置时，自己的炎属性攻击力在2回合内上升16点。这张卡使用后被驱逐。这张卡被弃置时，对对方造成9点冰属性伤害。
炎力量・销毁・牌堆销毁・专注,自己的炎属性攻击力在1回合内上升15点。这张卡使用后被驱逐。驱逐对方的1张牌堆的牌。自己的防御力在1回合内上升8点。
炎力量・销毁・手牌破坏・雷击,自己的炎属性攻击力在3回合内上升6点。这张卡使用后被驱逐。对对方造成9点雷属性伤害。对方随机弃置1张手牌。
炎力量・心灵透视・炎击,对方的炎属性攻击力在4回合内上升5点。这张卡被弃置时，对对方造成19点炎属性伤害。确认对方手卡并弃置1张手牌。
炎力量・虚弱,自己的炎属性攻击力在1回合内上升10点。对方的攻击力在3回合内下降8点。
炎力量・炎击,对对方造成10点炎属性伤害。自己的炎属性攻击力在2回合内上升5点。
炎力量・炎击,对对方造成8点炎属性伤害。自己的炎属性攻击力在2回合内上升7点。
炎力量・炎专注・攻击,对自己造成8点伤害。自己的炎属性攻击力在1回合内上升30点。自己的炎属性防御力在2回合内上升5点。
炎力量・专注,自己的炎属性攻击力在1回合内上升14点。自己的防御力在3回合内上升3点。
炎力量・自我破坏・雷击,自己的炎属性攻击力在3回合内上升4点。对方自身弃置1张手牌。这张卡被弃置时，对对方造成10点雷属性伤害。
炎弱点,对方的炎属性防御力在2回合内下降22点。
炎弱点,对方的炎属性防御力在3回合内下降15点。
炎弱点,对方的炎属性防御力在4回合内下降8点。
炎弱点,这张卡被弃置时，对方的炎属性防御力在2回合内下降22点。
炎弱点,这张卡被弃置时，对方的炎属性防御力在3回合内下降15点。
炎弱点・冰击,对对方造成7点冰属性伤害。对方的炎属性防御力在3回合内下降8点。
炎弱点・冰击,对方的炎属性防御力在3回合内下降9点。对对方造成6点冰属性伤害。
炎弱点・冰击,这张卡被弃置时，对方的炎属性防御力在3回合内下降10点。对对方造成5点冰属性伤害。
炎弱点・冰专注,对方的炎属性防御力在2回合内下降14点。自己的冰属性防御力在2回合内上升6点。
炎弱点・攻击,对对方造成10点伤害。对方的炎属性防御力在2回合内下降8点。
炎弱点・攻击,对对方造成9点伤害。对方的炎属性防御力在3回合内下降6点。
炎弱点・攻击,对方的炎属性防御力在2回合内下降14点。对对方造成6点伤害。
炎弱点・攻击,对方的炎属性防御力在2回合内下降9点。对对方造成9点伤害。
炎弱点・攻击,对方的炎属性防御力在3回合内下降10点。对对方造成5点伤害。
炎弱点・攻击,对自己造成10点伤害。对方的炎属性防御力在3回合内下降27点。
炎弱点・恢复,对方的炎属性防御力在3回合内下降9点。自己的生命值在1回合内回复9点。
炎弱点・恢复,自己的炎属性防御力在3回合内下降4点。自己的生命值在2回合内回复24点。
炎弱点・回复,这张卡被弃置时，对方的炎属性防御力在3回合内下降10点。自己的生命值回复5点。
炎弱点・回复・冰暴击,这张卡被弃置时，自己的炎属性防御力在1回合内下降12点。自己的生命值回复18点。对对方造成2点冰属性暴击。
炎弱点・机会・弱点・炎击,自己的炎属性防御力在2回合内下降8点。出牌阶段增加一次出牌机会。对方的防御力在2回合内下降14点。对对方造成6点炎属性伤害。
炎弱点・雷暴击,这张卡被弃置时，对方的炎属性防御力在3回合内下降9点。对对方造成2点雷属性暴击。
炎弱点・雷击,对方的炎属性防御力在3回合内下降10点。对对方造成5点雷属性伤害。
炎弱点・力量,对方的炎属性防御力在2回合内下降10点。这张卡被弃置时，自己的攻击力在1回合内上升12点。
炎弱点・力量,对方的炎属性防御力在2回合内下降15点。自己的攻击力在2回合内上升5点。
炎弱点・力量,对方的炎属性防御力在3回合内下降10点。自己的攻击力在2回合内上升5点。
炎弱点・弱点,对方的炎属性防御力在4回合内下降5点。对方的防御力在4回合内下降2点。
炎弱点・手牌破坏・冰虚弱・炎击,对自己造成10点炎属性伤害。对方的炎属性防御力在4回合内下降8点。对方随机弃置1张手牌。对方的冰属性攻击力在4回合内下降2点。
炎弱点・手牌销毁・专注・手牌破坏,自己的炎属性防御力在3回合内下降5点。驱逐对方的1张手牌。自己的防御力在1回合内上升12点。对方随机弃置1张手牌。
炎弱点・销毁・弃置销毁・雷专注,对方的炎属性防御力在4回合内下降4点。这张卡使用后被驱逐。驱逐对方的1张弃置区的牌。自己的雷属性防御力在2回合内上升7点。
炎弱点・销毁・弱点,对方的炎属性防御力在4回合内下降6点。这张卡使用后被驱逐。对方的防御力在3回合内下降10点。
炎弱点・虚弱・攻击,对方的炎属性防御力在2回合内下降15点。自己的攻击力在3回合内下降2点。这张卡被弃置时，对对方造成10点伤害。
炎弱点・炎击・攻击,对自己造成8点炎属性伤害。这张卡被弃置时，对方的炎属性防御力在2回合内下降24点。对对方造成9点伤害。
炎弱点・自我破坏・攻击,对方的炎属性防御力在2回合内下降21点。对方自身弃置1张手牌。对对方造成6点伤害。
炎弱点・自我破坏・恢复,对方的炎属性防御力在3回合内下降9点。这张卡被弃置时，对方自身弃置1张手牌。自己的生命值在1回合内回复16点。
炎虚弱,对方的炎属性攻击力在2回合内下降22点。
炎虚弱,对方的炎属性攻击力在3回合内下降15点。
炎虚弱,对方的炎属性攻击力在4回合内下降8点。
炎虚弱・冰击,对对方造成9点冰属性伤害。对方的炎属性攻击力在2回合内下降9点。
炎虚弱・冰击,对对方造成9点冰属性伤害。对方的炎属性攻击力在3回合内下降6点。
炎虚弱・冰击,对方的炎属性攻击力在4回合内下降4点。这张卡被弃置时，对对方造成6点冰属性伤害。
炎虚弱・冰力量,这张卡被弃置时，对方的炎属性攻击力在2回合内下降15点。自己的冰属性攻击力在1回合内上升8点。
炎虚弱・攻击,对对方造成10点伤害。对方的炎属性攻击力在3回合内下降5点。
炎虚弱・攻击,对对方造成10点伤害。这张卡被弃置时，对方的炎属性攻击力在3回合内下降5点。
炎虚弱・攻击,对对方造成9点伤害。对方的炎属性攻击力在3回合内下降6点。
炎虚弱・攻击,对对方造成9点伤害。对方的炎属性攻击力在4回合内下降3点。
炎虚弱・攻击,对方的炎属性攻击力在3回合内下降10点。对对方造成5点伤害。
炎虚弱・攻击,对方的炎属性攻击力在3回合内下降8点。对对方造成7点伤害。
炎虚弱・攻击,对方的炎属性攻击力在3回合内下降9点。对对方造成6点伤害。
炎虚弱・攻击,对方的炎属性攻击力在4回合内下降4点。对对方造成7点伤害。
炎虚弱・攻击,对方的炎属性攻击力在4回合内下降5点。对对方造成5点伤害。
炎虚弱・回复,对方的炎属性攻击力在3回合内下降10点。自己的生命值回复5点。
炎虚弱・雷暴击,对方的炎属性攻击力在2回合内下降14点。对对方造成2点雷属性暴击。
炎虚弱・雷击,对方的炎属性攻击力在4回合内下降4点。对对方造成6点雷属性伤害。
炎虚弱・力量,对方的炎属性攻击力在2回合内下降15点。自己的攻击力在1回合内上升8点。
炎虚弱・弱点,对方的炎属性攻击力在2回合内下降15点。对方的防御力在4回合内下降2点。
炎虚弱・弱点,对方的炎属性攻击力在4回合内下降4点。对方的防御力在3回合内下降6点。
炎虚弱・弱点・自我破坏・回复,对方的炎属性攻击力在4回合内下降4点。对方的防御力在2回合内下降9点。对方自身弃置1张手牌。自己的生命值回复6点。
炎虚弱・手牌破坏,对方的炎属性攻击力在3回合内下降10点。对方随机弃置1张手牌。
炎虚弱・手牌破坏,对方的炎属性攻击力在4回合内下降5点。对方随机弃置1张手牌。
炎虚弱・贪欲,对方的炎属性攻击力在2回合内下降14点。自己从牌堆抽1张牌。
炎虚弱・贪欲,对方的炎属性攻击力在3回合内下降10点。自己从牌堆抽1张牌。
炎虚弱・贪欲,这张卡被弃置时，对方的炎属性攻击力在3回合内下降10点。自己从牌堆抽1张牌。
炎虚弱・销毁・攻击,对方的炎属性攻击力在3回合内下降14点。这张卡使用后被驱逐。对对方造成11点伤害。
炎虚弱・炎击,对对方造成9点炎属性伤害。对方的炎属性攻击力在2回合内下降9点。
炎虚弱・炎击,对对方造成9点炎属性伤害。对方的炎属性攻击力在4回合内下降3点。
炎虚弱・自我破坏・恢复,对方的炎属性攻击力在4回合内下降6点。对方自身弃置1张手牌。自己的生命值在3回合内回复4点。
炎虚弱・自我破坏・回复,对方的炎属性攻击力在2回合内下降16点。对方自身弃置1张手牌。自己的生命值回复9点。
炎专注,这张卡被弃置时，自己的炎属性防御力在3回合内上升8点。
炎专注,自己的炎属性防御力在1回合内上升22点。
炎专注,自己的炎属性防御力在2回合内上升15点。
炎专注,自己的炎属性防御力在3回合内上升8点。
炎专注・冰击,对对方造成10点冰属性伤害。自己的炎属性防御力在1回合内上升8点。
炎专注・冰力量,自己的炎属性防御力在3回合内上升4点。自己的冰属性攻击力在1回合内上升9点。
炎专注・冰弱点,自己的炎属性防御力在2回合内上升9点。对方的冰属性防御力在2回合内下降9点。
炎专注・攻击,对对方造成10点伤害。自己的炎属性防御力在1回合内上升8点。
炎专注・攻击,对对方造成10点伤害。自己的炎属性防御力在3回合内上升2点。
炎专注・攻击,对对方造成21点伤害。对方的炎属性防御力在4回合内上升2点。
炎专注・攻击,对对方造成8点伤害。自己的炎属性防御力在2回合内上升7点。
炎专注・攻击,对对方造成9点伤害。这张卡被弃置时，自己的炎属性防御力在1回合内上升9点。
炎专注・攻击,对对方造成9点伤害。自己的炎属性防御力在1回合内上升9点。
炎专注・攻击,自己的炎属性防御力在1回合内上升15点。对对方造成5点伤害。
炎专注・攻击,自己的炎属性防御力在2回合内上升10点。对对方造成5点伤害。
炎专注・攻击,自己的炎属性防御力在2回合内上升8点。对对方造成7点伤害。
炎专注・攻击,自己的炎属性防御力在2回合内上升9点。这张卡被弃置时，对对方造成6点伤害。
炎专注・攻击,自己的炎属性防御力在3回合内上升4点。对对方造成6点伤害。
炎专注・攻击,自己的炎属性防御力在3回合内上升5点。对对方造成5点伤害。
炎专注・回复,自己的炎属性防御力在2回合内上升10点。自己的生命值回复5点。
炎专注・回复,自己的炎属性防御力在2回合内上升9点。自己的生命值回复6点。
炎专注・雷击,对对方造成9点雷属性伤害。自己的炎属性防御力在1回合内上升9点。
炎专注・雷击,自己的炎属性防御力在3回合内上升5点。对对方造成5点雷属性伤害。
炎专注・雷弱点,自己的炎属性防御力在2回合内上升10点。对方的雷属性防御力在4回合内下降2点。
炎专注・雷虚弱,自己的炎属性防御力在3回合内上升4点。这张卡被弃置时，对方的雷属性攻击力在2回合内下降9点。
炎专注・力量,自己的炎属性防御力在1回合内上升15点。自己的攻击力在3回合内上升2点。
炎专注・力量,自己的炎属性防御力在2回合内上升9点。自己的攻击力在3回合内上升3点。
炎专注・弱点・专注,自己的炎属性防御力在1回合内上升14点。自己的防御力在3回合内下降2点。自己的防御力在3回合内上升6点。
炎专注・手牌破坏,自己的炎属性防御力在3回合内上升5点。对方随机弃置1张手牌。
炎专注・贪欲,自己的炎属性防御力在1回合内上升15点。自己从牌堆抽1张牌。
炎专注・炎击,对对方造成10点炎属性伤害。自己的炎属性防御力在2回合内上升5点。
炎专注・炎击,对对方造成10点炎属性伤害。自己的炎属性防御力在3回合内上升2点。
炎专注・炎击,对对方造成9点炎属性伤害。自己的炎属性防御力在1回合内上升9点。
炎专注・炎击,自己的炎属性防御力在1回合内上升14点。对对方造成6点炎属性伤害。
炎专注・炎击,自己的炎属性防御力在3回合内上升5点。对对方造成5点炎属性伤害。
炎专注・炎力量,自己的炎属性防御力在3回合内上升4点。自己的炎属性攻击力在1回合内上升9点。
炎专注・专注,自己的炎属性防御力在3回合内上升4点。自己的防御力在3回合内上升3点。
炎专注・专注,自己的炎属性防御力在3回合内上升5点。这张卡被弃置时，自己的防御力在2回合内上升5点。
炎专注・自我破坏・恢复,自己的炎属性防御力在2回合内上升8点。对方自身弃置1张手牌。自己的生命值在3回合内回复4点。
炎专注・自我破坏・弃置销毁,自己的炎属性防御力在2回合内上升10点。对方自身弃置1张手牌。驱逐对方的1张弃置区的牌。
炎专注・自我破坏・炎力量,自己的炎属性防御力在1回合内上升16点。对方自身弃置1张手牌。自己的炎属性攻击力在1回合内上升14点。
专注,这张卡被弃置时，自己的防御力在1回合内上升22点。
专注,这张卡被弃置时，自己的防御力在2回合内上升15点。
专注,这张卡被弃置时，自己的防御力在3回合内上升8点。
专注,自己的防御力在1回合内上升22点。
专注,自己的防御力在2回合内上升15点。
专注,自己的防御力在3回合内上升8点。
专注・冰暴击,自己的防御力在1回合内上升15点。对对方造成1点冰属性暴击。
专注・冰击,对对方造成10点冰属性伤害。自己的防御力在2回合内上升5点。
专注・冰击,对对方造成9点冰属性伤害。自己的防御力在1回合内上升9点。
专注・冰击,这张卡被弃置时，对对方造成8点冰属性伤害。自己的防御力在2回合内上升7点。
专注・冰击,自己的防御力在3回合内上升4点。对对方造成6点冰属性伤害。
专注・冰击,自己的防御力在3回合内上升4点。对对方造成7点冰属性伤害。
专注・冰击,自己的防御力在3回合内上升5点。对对方造成5点冰属性伤害。
专注・冰专注,自己的防御力在2回合内上升10点。自己的冰属性防御力在1回合内上升8点。
专注・攻击,对对方造成10点伤害。自己的防御力在1回合内上升8点。
专注・攻击,对对方造成10点伤害。自己的防御力在2回合内上升5点。
专注・攻击,对对方造成10点伤害。自己的防御力在3回合内上升2点。
专注・攻击,对对方造成7点伤害。自己的防御力在2回合内上升8点。
专注・攻击,对对方造成8点伤害。自己的防御力在2回合内上升7点。
专注・攻击,对对方造成8点伤害。自己的防御力在3回合内上升4点。
专注・攻击,对对方造成9点伤害。自己的防御力在1回合内上升9点。
专注・攻击,对对方造成9点伤害。自己的防御力在2回合内上升6点。
专注・攻击,对对方造成9点伤害。自己的防御力在3回合内上升3点。
专注・攻击,这张卡被弃置时，对对方造成10点伤害。自己的防御力在3回合内上升2点。
专注・攻击,这张卡被弃置时，对对方造成8点伤害。自己的防御力在2回合内上升7点。
专注・攻击,这张卡被弃置时，对对方造成9点伤害。这张卡被弃置时，自己的防御力在1回合内上升9点。
专注・攻击,这张卡被弃置时，自己的防御力在2回合内上升10点。对对方造成5点伤害。
专注・攻击,这张卡被弃置时，自己的防御力在3回合内上升4点。对对方造成6点伤害。
专注・攻击,这张卡被弃置时，自己的防御力在3回合内上升4点。对对方造成7点伤害。
专注・攻击,自己的防御力在1回合内上升14点。对对方造成6点伤害。
专注・攻击,自己的防御力在1回合内上升14点。这张卡被弃置时，对对方造成6点伤害。
专注・攻击,自己的防御力在1回合内上升15点。对对方造成5点伤害。
专注・攻击,自己的防御力在1回合内上升15点。这张卡被弃置时，对对方造成5点伤害。
专注・攻击,自己的防御力在3回合内上升4点。对对方造成6点伤害。
专注・攻击・雷暴击,对对方造成9点伤害。这张卡被弃置时，对自己造成1点雷属性暴击。自己的防御力在2回合内上升12点。
专注・恢复,自己的防御力在2回合内上升10点。自己的生命值在1回合内回复8点。
专注・回复,自己的防御力在1回合内上升15点。自己的生命值回复5点。
专注・回复,自己的防御力在2回合内上升10点。自己的生命值回复5点。
专注・回复,自己的防御力在2回合内上升9点。这张卡被弃置时，自己的生命值回复6点。
专注・回复,自己的防御力在2回合内上升9点。自己的生命值回复6点。
专注・回复・攻击,对方的防御力在2回合内上升12点。自己的生命值回复16点。对对方造成9点伤害。
专注・雷暴击,对对方造成2点雷属性暴击。自己的防御力在3回合内上升4点。
专注・雷暴击,自己的防御力在3回合内上升5点。对对方造成1点雷属性暴击。
专注・雷击,对对方造成10点雷属性伤害。自己的防御力在1回合内上升8点。
专注・雷击,对对方造成8点雷属性伤害。自己的防御力在2回合内上升7点。
专注・雷击,对对方造成9点雷属性伤害。自己的防御力在1回合内上升9点。
专注・雷击,对对方造成9点雷属性伤害。自己的防御力在2回合内上升6点。
专注・雷击,自己的防御力在2回合内上升10点。对对方造成5点雷属性伤害。
专注・雷力量,自己的防御力在3回合内上升5点。自己的雷属性攻击力在2回合内上升5点。
专注・雷力量・攻击,对方的防御力在4回合内上升4点。自己的雷属性攻击力在1回合内上升22点。这张卡被弃置时，对对方造成10点伤害。
专注・雷力量・破击・攻击,对自己造成3点无视防御伤害。自己的防御力在1回合内上升18点。对对方造成9点伤害。自己的雷属性攻击力在3回合内上升2点。
专注・雷虚弱・攻击,对自己造成10点伤害。自己的防御力在3回合内上升10点。这张卡被弃置时，对方的雷属性攻击力在2回合内下降10点。
专注・雷虚弱・虚弱,这张卡被弃置时，对方的防御力在3回合内上升10点。对方的雷属性攻击力在3回合内下降22点。对方的攻击力在3回合内下降6点。
专注・雷专注,自己的防御力在1回合内上升15点。自己的雷属性防御力在3回合内上升2点。
专注・雷专注,自己的防御力在3回合内上升4点。这张卡被弃置时，自己的雷属性防御力在3回合内上升3点。
专注・力量,自己的防御力在1回合内上升15点。自己的攻击力在2回合内上升5点。
专注・力量,自己的防御力在2回合内上升10点。自己的攻击力在2回合内上升5点。
专注・力量,自己的防御力在3回合内上升4点。这张卡被弃置时，自己的攻击力在3回合内上升4点。
专注・力量,自己的防御力在3回合内上升5点。自己的攻击力在1回合内上升8点。
专注・破击,对对方造成3点无视防御伤害。这张卡被弃置时，自己的防御力在3回合内上升2点。
专注・破击,自己的防御力在2回合内上升9点。对对方造成2点无视防御伤害。
专注・破击,自己的防御力在3回合内上升4点。对对方造成2点无视防御伤害。
专注・弃置销毁・虚弱,这张卡被弃置时，对方的防御力在4回合内上升4点。驱逐对方的1张弃置区的牌。对方的攻击力在4回合内下降8点。
专注・弱点,对方的防御力在2回合内上升12点。对方的防御力在4回合内下降12点。
专注・弱点,自己的防御力在2回合内上升9点。对方的防御力在3回合内下降6点。
专注・手牌破坏,这张卡被弃置时，自己的防御力在1回合内上升15点。这张卡被弃置时，对方随机弃置1张手牌。
专注・手牌破坏,这张卡被弃置时，自己的防御力在2回合内上升10点。对方随机弃置1张手牌。
专注・手牌破坏,这张卡被弃置时，自己的防御力在3回合内上升5点。对方随机弃置1张手牌。
专注・手牌破坏,自己的防御力在2回合内上升10点。对方随机弃置1张手牌。
专注・手牌破坏,自己的防御力在3回合内上升5点。对方随机弃置1张手牌。
专注・手牌销毁・回复,对方的防御力在3回合内上升9点。驱逐对方的1张手牌。自己的生命值回复11点。
专注・贪欲,自己的防御力在1回合内上升15点。自己从牌堆抽1张牌。
专注・销毁・攻击,自己的防御力在1回合内上升16点。这张卡使用后被驱逐。对对方造成10点伤害。
专注・销毁・攻击,自己的防御力在3回合内上升5点。这张卡使用后被驱逐。这张卡被弃置时，对对方造成15点伤害。
专注・销毁・牌堆销毁,自己的防御力在1回合内上升22点。这张卡使用后被驱逐。这张卡被弃置时，驱逐对方的1张牌堆的牌。
专注・销毁・炎力量,自己的防御力在1回合内上升16点。这张卡使用后被驱逐。自己的炎属性攻击力在3回合内上升6点。
专注・虚弱,自己的防御力在3回合内上升5点。对方的攻击力在3回合内下降5点。
专注・虚弱・冰弱点,对方的防御力在2回合内上升14点。对方的攻击力在2回合内下降21点。对方的冰属性防御力在3回合内下降12点。
专注・虚弱・雷击,对方的防御力在2回合内上升10点。这张卡被弃置时，对对方造成17点雷属性伤害。对方的攻击力在3回合内下降7点。
专注・炎暴击,对对方造成3点炎属性暴击。自己的防御力在3回合内上升2点。
专注・炎击,对对方造成10点炎属性伤害。自己的防御力在2回合内上升5点。
专注・炎击,对对方造成10点炎属性伤害。自己的防御力在3回合内上升2点。
专注・炎击,自己的防御力在2回合内上升10点。对对方造成5点炎属性伤害。
专注・炎击,自己的防御力在3回合内上升4点。对对方造成8点炎属性伤害。
专注・炎弱点,这张卡被弃置时，自己的防御力在1回合内上升15点。对方的炎属性防御力在4回合内下降2点。
专注・炎弱点,自己的防御力在2回合内上升10点。这张卡被弃置时，对方的炎属性防御力在3回合内下降5点。
专注・炎弱点,自己的防御力在3回合内上升5点。这张卡被弃置时，对方的炎属性防御力在3回合内下降5点。
专注・炎虚弱,自己的防御力在2回合内上升10点。对方的炎属性攻击力在3回合内下降5点。
专注・炎虚弱,自己的防御力在3回合内上升5点。对方的炎属性攻击力在4回合内下降2点。
专注・炎虚弱・破击,对对方造成4点无视防御伤害。对方的防御力在4回合内上升2点。对方的炎属性攻击力在3回合内下降8点。
专注・自我破坏・攻击,这张卡被弃置时，自己的防御力在2回合内上升10点。这张卡被弃置时，对方自身弃置1张手牌。对对方造成10点伤害。
专注・自我破坏・攻击,自己的防御力在2回合内上升11点。对方自身弃置1张手牌。这张卡被弃置时，对对方造成9点伤害。
专注・自我破坏・恢复,自己的防御力在3回合内上升5点。对方自身弃置1张手牌。自己的生命值在2回合内回复7点。
专注・自我破坏・弃置销毁,自己的防御力在1回合内上升12点。对方自身弃置1张手牌。驱逐对方的1张弃置区的牌。
专注・自我破坏・弱点,自己的防御力在2回合内上升8点。对方自身弃置1张手牌。这张卡被弃置时，对方的防御力在4回合内下降6点。
专注・自我破坏・手牌破坏・力量,自己的防御力在3回合内上升5点。对方自身弃置1张手牌。对方随机弃置1张手牌。自己的攻击力在1回合内上升8点。
专注・自我破坏・贪欲,自己的防御力在3回合内上升6点。对方自身弃置1张手牌。自己从牌堆抽1张牌。
专注・自我破坏・心灵透视,自己的防御力在2回合内上升11点。这张卡被弃置时，对方自身弃置1张手牌。确认对方手卡并弃置1张手牌。
专注・自我破坏・心灵透视,自己的防御力在2回合内上升12点。对方自身弃置1张手牌。这张卡被弃置时，确认对方手卡并弃置1张手牌。
专注・自我破坏・虚弱,自己的防御力在3回合内上升4点。对方自身弃置1张手牌。对方的攻击力在4回合内下降4点。
专注・自我破坏・炎专注,自己的防御力在2回合内上升10点。对方自身弃置1张手牌。自己的炎属性防御力在1回合内上升15点。
自我破坏・冰击,对方自身弃置1张手牌。对对方造成16点冰属性伤害。
自我破坏・冰击・攻击,对对方造成10点冰属性伤害。这张卡被弃置时，对方自身弃置1张手牌。对对方造成9点伤害。
自我破坏・冰击・攻击,对对方造成11点冰属性伤害。对方自身弃置1张手牌。对对方造成7点伤害。
自我破坏・冰击・雷暴击,对对方造成11点冰属性伤害。对方自身弃置1张手牌。对对方造成3点雷属性暴击。
自我破坏・冰力量・攻击,对对方造成13点伤害。对方自身弃置1张手牌。自己的冰属性攻击力在3回合内上升4点。
自我破坏・冰力量・攻击,对方自身弃置1张手牌。这张卡被弃置时，自己的冰属性攻击力在3回合内上升4点。对对方造成11点伤害。
自我破坏・冰力量・破击,这张卡被弃置时，对方自身弃置1张手牌。自己的冰属性攻击力在3回合内上升8点。对对方造成1点无视防御伤害。
自我破坏・冰弱点,对方自身弃置1张手牌。对方的冰属性防御力在4回合内下降10点。
自我破坏・冰弱点・雷击,对方自身弃置1张手牌。对对方造成11点雷属性伤害。对方的冰属性防御力在4回合内下降4点。
自我破坏・冰弱点・雷力量,对方自身弃置1张手牌。对方的冰属性防御力在2回合内下降20点。自己的雷属性攻击力在2回合内上升7点。
自我破坏・冰虚弱,对方自身弃置1张手牌。对方的冰属性攻击力在2回合内下降30点。
自我破坏・冰虚弱,对方自身弃置1张手牌。这张卡被弃置时，对方的冰属性攻击力在4回合内下降8点。
自我破坏・冰虚弱,自己自身弃置1张手牌。对方的冰属性攻击力在4回合内下降5点。
自我破坏・冰虚弱・冰弱点,这张卡被弃置时，对方自身弃置1张手牌。对方的冰属性攻击力在4回合内下降7点。对方的冰属性防御力在2回合内下降9点。
自我破坏・冰虚弱・攻击,对对方造成12点伤害。对方自身弃置1张手牌。对方的冰属性攻击力在4回合内下降4点。
自我破坏・冰虚弱・攻击,对对方造成13点伤害。对方自身弃置1张手牌。对方的冰属性攻击力在2回合内下降10点。
自我破坏・冰虚弱・回复,对方自身弃置1张手牌。对方的冰属性攻击力在2回合内下降18点。自己的生命值回复8点。
自我破坏・冰虚弱・弱点,这张卡被弃置时，对方自身弃置1张手牌。对方的冰属性攻击力在4回合内下降7点。对方的防御力在3回合内下降6点。
自我破坏・冰虚弱・贪欲,这张卡被弃置时，对方自身弃置1张手牌。对方的冰属性攻击力在2回合内下降21点。自己从牌堆抽1张牌。
自我破坏・冰专注,对方自身弃置1张手牌。自己的冰属性防御力在3回合内上升10点。
自我破坏・冰专注・攻击,对方自身弃置1张手牌。对对方造成14点伤害。自己的冰属性防御力在2回合内上升6点。
自我破坏・冰专注・破击,对方自身弃置1张手牌。自己的冰属性防御力在1回合内上升21点。这张卡被弃置时，对对方造成2点无视防御伤害。
自我破坏・冰专注・贪欲,对方自身弃置1张手牌。自己的冰属性防御力在3回合内上升7点。自己从牌堆抽1张牌。
自我破坏・攻击,对对方造成10点伤害。自己自身弃置1张手牌。
自我破坏・攻击,对对方造成20点伤害。对方自身弃置1张手牌。
自我破坏・攻击,对方自身弃置1张手牌。对对方造成15点伤害。
自我破坏・攻击,对方自身弃置1张手牌。对对方造成16点伤害。
自我破坏・攻击,对方自身弃置1张手牌。对对方造成20点伤害。
自我破坏・攻击,这张卡被弃置时，对对方造成20点伤害。对方自身弃置1张手牌。
自我破坏・攻击,这张卡被弃置时，对方自身弃置1张手牌。这张卡被弃置时，对对方造成20点伤害。
自我破坏・攻击,自己自身弃置1张手牌。对对方造成10点伤害。
自我破坏・攻击・冰暴击,这张卡被弃置时，对对方造成11点伤害。对方自身弃置1张手牌。这张卡被弃置时，对对方造成2点冰属性暴击。
自我破坏・攻击・破击,对对方造成11点伤害。对方自身弃置1张手牌。这张卡被弃置时，对对方造成3点无视防御伤害。
自我破坏・攻击・破击,对对方造成12点伤害。对方自身弃置1张手牌。对对方造成2点无视防御伤害。
自我破坏・攻击・炎击,对对方造成11点伤害。对方自身弃置1张手牌。这张卡被弃置时，对对方造成7点炎属性伤害。
自我破坏・攻击・炎击,对方自身弃置1张手牌。对对方造成13点伤害。这张卡被弃置时，对对方造成7点炎属性伤害。
自我破坏・恢复,对方自身弃置1张手牌。自己的生命值在3回合内回复10点。
自我破坏・恢复・冰击,对方自身弃置1张手牌。自己的生命值在2回合内回复11点。对对方造成9点冰属性伤害。
自我破坏・恢复・冰击,对方自身弃置1张手牌。自己的生命值在3回合内回复6点。对对方造成7点冰属性伤害。
自我破坏・恢复・攻击,对方自身弃置1张手牌。这张卡被弃置时，自己的生命值在3回合内回复6点。对对方造成7点伤害。
自我破坏・恢复・攻击,对方自身弃置1张手牌。自己的生命值在1回合内回复22点。对对方造成5点伤害。
自我破坏・恢复・攻击,对方自身弃置1张手牌。自己的生命值在3回合内回复6点。对对方造成7点伤害。
自我破坏・恢复・攻击,对方自身弃置1张手牌。自己的生命值在3回合内回复6点。对对方造成8点伤害。
自我破坏・恢复・雷击,对对方造成12点雷属性伤害。对方自身弃置1张手牌。自己的生命值在3回合内回复4点。
自我破坏・恢复・雷击,对方自身弃置1张手牌。对对方造成15点雷属性伤害。自己的生命值在3回合内回复2点。
自我破坏・恢复・手牌破坏,对方自身弃置1张手牌。自己的生命值在2回合内回复12点。对方随机弃置1张手牌。
自我破坏・恢复・虚弱,对方自身弃置1张手牌。这张卡被弃置时，自己的生命值在2回合内回复13点。对方的攻击力在3回合内下降7点。
自我破坏・恢复・专注,对方自身弃置1张手牌。自己的生命值在1回合内回复21点。自己的防御力在2回合内上升6点。
自我破坏・回复,对方自身弃置1张手牌。自己的生命值回复20点。
自我破坏・回复,自己自身弃置1张手牌。自己的生命值回复10点。
自我破坏・回复・攻击,对对方造成12点伤害。对方自身弃置1张手牌。自己的生命值回复8点。
自我破坏・回复・攻击,对对方造成8点伤害。对方自身弃置1张手牌。自己的生命值回复12点。
自我破坏・回复・攻击,对方自身弃置1张手牌。自己的生命值回复12点。对对方造成8点伤害。
自我破坏・回复・力量,这张卡被弃置时，对方自身弃置1张手牌。自己的生命值回复13点。这张卡被弃置时，自己的攻击力在2回合内上升7点。
自我破坏・回复・心灵透视,对方自身弃置1张手牌。自己的生命值回复12点。确认对方手卡并弃置1张手牌。
自我破坏・机会,自己自身弃置1张手牌。出牌阶段增加一次出牌机会。
自我破坏・机会・冰击,对对方造成10点冰属性伤害。对方自身弃置1张手牌。出牌阶段增加一次出牌机会。
自我破坏・机会・冰力量,对方自身弃置1张手牌。这张卡被弃置时，出牌阶段增加一次出牌机会。这张卡被弃置时，自己的冰属性攻击力在1回合内上升12点。
自我破坏・机会・攻击,对对方造成10点伤害。对方自身弃置1张手牌。出牌阶段增加一次出牌机会。
自我破坏・机会・攻击,对方自身弃置1张手牌。出牌阶段增加一次出牌机会。对对方造成10点伤害。
自我破坏・机会・攻击,这张卡被弃置时，对对方造成10点伤害。对方自身弃置1张手牌。出牌阶段增加一次出牌机会。
自我破坏・机会・雷击,对方自身弃置1张手牌。出牌阶段增加一次出牌机会。对对方造成8点雷属性伤害。
自我破坏・机会・雷专注,对方自身弃置1张手牌。出牌阶段增加一次出牌机会。自己的雷属性防御力在3回合内上升4点。
自我破坏・机会・心灵透视,对方自身弃置1张手牌。出牌阶段增加一次出牌机会。确认对方手卡并弃置1张手牌。
自我破坏・机会・虚弱,对方自身弃置1张手牌。出牌阶段增加一次出牌机会。对方的攻击力在3回合内下降8点。
自我破坏・机会・炎虚弱,对方自身弃置1张手牌。出牌阶段增加一次出牌机会。对方的炎属性攻击力在4回合内下降4点。
自我破坏・雷击,对对方造成20点雷属性伤害。对方自身弃置1张手牌。
自我破坏・雷击・攻击,对对方造成11点雷属性伤害。对方自身弃置1张手牌。对对方造成9点伤害。
自我破坏・雷击・攻击,对方自身弃置1张手牌。这张卡被弃置时，对对方造成9点雷属性伤害。对对方造成11点伤害。
自我破坏・雷力量,对方自身弃置1张手牌。自己的雷属性攻击力在2回合内上升20点。
自我破坏・雷力量・冰击,对方自身弃置1张手牌。对对方造成11点冰属性伤害。自己的雷属性攻击力在2回合内上升7点。
自我破坏・雷力量・攻击,对方自身弃置1张手牌。对对方造成13点伤害。自己的雷属性攻击力在1回合内上升10点。
自我破坏・雷力量・攻击,对方自身弃置1张手牌。自己的雷属性攻击力在1回合内上升16点。这张卡被弃置时，对对方造成8点伤害。
自我破坏・雷力量・攻击,这张卡被弃置时，对对方造成12点伤害。对方自身弃置1张手牌。自己的雷属性攻击力在1回合内上升10点。
自我破坏・雷力量・雷击,对对方造成8点雷属性伤害。这张卡被弃置时，对方自身弃置1张手牌。自己的雷属性攻击力在1回合内上升18点。
自我破坏・雷力量・雷击,对方自身弃置1张手牌。这张卡被弃置时，自己的雷属性攻击力在2回合内上升14点。对对方造成6点雷属性伤害。
自我破坏・雷力量・弱点,这张卡被弃置时，对方自身弃置1张手牌。自己的雷属性攻击力在1回合内上升20点。对方的防御力在3回合内下降7点。
自我破坏・雷力量・贪欲,对方自身弃置1张手牌。自己的雷属性攻击力在2回合内上升15点。自己从牌堆抽1张牌。
自我破坏・雷力量・炎虚弱,这张卡被弃置时，对方自身弃置1张手牌。这张卡被弃置时，自己的雷属性攻击力在3回合内上升6点。对方的炎属性攻击力在3回合内下降7点。
自我破坏・雷力量・专注,对方自身弃置1张手牌。自己的雷属性攻击力在2回合内上升14点。自己的防御力在2回合内上升6点。
自我破坏・雷弱点,对方自身弃置1张手牌。对方的雷属性防御力在2回合内下降30点。
自我破坏・雷弱点・攻击,对对方造成8点伤害。对方自身弃置1张手牌。对方的雷属性防御力在3回合内下降12点。
自我破坏・雷弱点・炎击,对方自身弃置1张手牌。这张卡被弃置时，对对方造成15点炎属性伤害。对方的雷属性防御力在3回合内下降5点。
自我破坏・雷虚弱,这张卡被弃置时，自己自身弃置1张手牌。这张卡被弃置时，对方的雷属性攻击力在4回合内下降5点。
自我破坏・雷虚弱・攻击,对方自身弃置1张手牌。对方的雷属性攻击力在3回合内下降13点。对对方造成7点伤害。
自我破坏・雷虚弱・雷击,这张卡被弃置时，对方自身弃置1张手牌。对方的雷属性攻击力在2回合内下降20点。对对方造成7点雷属性伤害。
自我破坏・雷虚弱・力量,这张卡被弃置时，对方自身弃置1张手牌。对方的雷属性攻击力在3回合内下降11点。自己的攻击力在2回合内上升9点。
自我破坏・雷虚弱・破击,对对方造成3点无视防御伤害。对方自身弃置1张手牌。对方的雷属性攻击力在2回合内下降14点。
自我破坏・雷专注,对方自身弃置1张手牌。自己的雷属性防御力在2回合内上升16点。
自我破坏・雷专注,这张卡被弃置时，对方自身弃置1张手牌。自己的雷属性防御力在2回合内上升16点。
自我破坏・雷专注・攻击,对对方造成11点伤害。对方自身弃置1张手牌。自己的雷属性防御力在3回合内上升4点。
自我破坏・雷专注・雷弱点,对方自身弃置1张手牌。自己的雷属性防御力在1回合内上升22点。对方的雷属性防御力在2回合内下降8点。
自我破坏・雷专注・雷弱点,对方自身弃置1张手牌。自己的雷属性防御力在3回合内上升6点。对方的雷属性防御力在2回合内下降12点。
自我破坏・力量,对方自身弃置1张手牌。自己的攻击力在2回合内上升20点。
自我破坏・力量,这张卡被弃置时，自己自身弃置1张手牌。自己的攻击力在2回合内上升10点。
自我破坏・力量・冰暴击,对对方造成3点冰属性暴击。对方自身弃置1张手牌。自己的攻击力在1回合内上升15点。
自我破坏・力量・冰弱点,对方自身弃置1张手牌。自己的攻击力在3回合内上升6点。对方的冰属性防御力在3回合内下降7点。
自我破坏・力量・攻击,对对方造成9点伤害。对方自身弃置1张手牌。自己的攻击力在3回合内上升4点。
自我破坏・力量・攻击,对方自身弃置1张手牌。自己的攻击力在2回合内上升11点。对对方造成9点伤害。
自我破坏・力量・攻击,对方自身弃置1张手牌。自己的攻击力在2回合内上升12点。对对方造成7点伤害。
自我破坏・力量・攻击,对方自身弃置1张手牌。自己的攻击力在2回合内上升15点。对对方造成5点伤害。
自我破坏・力量・攻击,对方自身弃置1张手牌。自己的攻击力在3回合内上升6点。对对方造成7点伤害。
自我破坏・力量・雷专注,对方自身弃置1张手牌。自己的攻击力在1回合内上升18点。自己的雷属性防御力在3回合内上升4点。
自我破坏・力量・炎力量,对方自身弃置1张手牌。自己的攻击力在2回合内上升13点。自己的炎属性攻击力在1回合内上升9点。
自我破坏・力量・炎虚弱,对方自身弃置1张手牌。自己的攻击力在3回合内上升6点。对方的炎属性攻击力在3回合内下降7点。
自我破坏・牌堆销毁,自己自身弃置1张手牌。驱逐对方的1张牌堆的牌。
自我破坏・牌堆销毁・冰击,对对方造成10点冰属性伤害。对方自身弃置1张手牌。驱逐对方的1张牌堆的牌。
自我破坏・牌堆销毁・冰虚弱,这张卡被弃置时，对方自身弃置1张手牌。驱逐对方的1张牌堆的牌。对方的冰属性攻击力在2回合内下降15点。
自我破坏・牌堆销毁・攻击,对对方造成9点伤害。对方自身弃置1张手牌。这张卡被弃置时，驱逐对方的1张牌堆的牌。
自我破坏・牌堆销毁・攻击,对方自身弃置1张手牌。驱逐对方的1张牌堆的牌。对对方造成10点伤害。
自我破坏・牌堆销毁・攻击,对方自身弃置1张手牌。驱逐对方的1张牌堆的牌。这张卡被弃置时，对对方造成10点伤害。
自我破坏・牌堆销毁・攻击,这张卡被弃置时，对方自身弃置1张手牌。驱逐对方的1张牌堆的牌。对对方造成9点伤害。
自我破坏・牌堆销毁・回复,对方自身弃置1张手牌。驱逐对方的1张牌堆的牌。这张卡被弃置时，自己的生命值回复10点。
自我破坏・牌堆销毁・弱点,对方自身弃置1张手牌。驱逐对方的1张牌堆的牌。对方的防御力在2回合内下降12点。
自我破坏・牌堆销毁・贪欲,对方自身弃置1张手牌。驱逐对方的1张牌堆的牌。自己从牌堆抽1张牌。
自我破坏・牌堆销毁・炎击,对方自身弃置1张手牌。这张卡被弃置时，驱逐对方的1张牌堆的牌。对对方造成7点炎属性伤害。
自我破坏・牌堆销毁・专注,这张卡被弃置时，对方自身弃置1张手牌。驱逐对方的1张牌堆的牌。自己的防御力在3回合内上升5点。
自我破坏・破击,对对方造成6点无视防御伤害。对方自身弃置1张手牌。
自我破坏・破击,自己自身弃置1张手牌。对对方造成3点无视防御伤害。
自我破坏・弃置销毁,自己自身弃置1张手牌。驱逐对方的1张弃置区的牌。
自我破坏・弃置销毁・冰暴击,对对方造成3点冰属性暴击。对方自身弃置1张手牌。驱逐对方的1张弃置区的牌。
自我破坏・弃置销毁・机会,对方自身弃置1张手牌。驱逐对方的1张弃置区的牌。出牌阶段增加一次出牌机会。
自我破坏・弃置销毁・机会,对方自身弃置1张手牌。驱逐对方的1张弃置区的牌。这张卡被弃置时，出牌阶段增加一次出牌机会。
自我破坏・弃置销毁・雷击,对方自身弃置1张手牌。驱逐对方的1张弃置区的牌。这张卡被弃置时，对对方造成10点雷属性伤害。
自我破坏・弃置销毁・弱点,对方自身弃置1张手牌。驱逐对方的1张弃置区的牌。对方的防御力在3回合内下降10点。
自我破坏・弃置销毁・手牌破坏・冰击,这张卡被弃置时，对方自身弃置1张手牌。驱逐对方的1张弃置区的牌。对方随机弃置1张手牌。对对方造成5点冰属性伤害。
自我破坏・弃置销毁・贪欲,对方自身弃置1张手牌。这张卡被弃置时，驱逐对方的1张弃置区的牌。自己从牌堆抽1张牌。
自我破坏・弃置销毁・炎击,这张卡被弃置时，对对方造成10点炎属性伤害。对方自身弃置1张手牌。驱逐对方的1张弃置区的牌。
自我破坏・弱点,对方自身弃置1张手牌。对方的防御力在2回合内下降30点。
自我破坏・弱点,这张卡被弃置时，对方自身弃置1张手牌。对方的防御力在4回合内下降10点。
自我破坏・弱点・冰击,对对方造成9点冰属性伤害。对方自身弃置1张手牌。对方的防御力在3回合内下降11点。
自我破坏・弱点・攻击,对对方造成11点伤害。这张卡被弃置时，对方自身弃置1张手牌。对方的防御力在4回合内下降4点。
自我破坏・弱点・攻击,对对方造成13点伤害。对方自身弃置1张手牌。对方的防御力在4回合内下降4点。
自我破坏・弱点・攻击,对对方造成8点伤害。对方自身弃置1张手牌。这张卡被弃置时，对方的防御力在3回合内下降12点。
自我破坏・弱点・攻击,对方自身弃置1张手牌。对对方造成12点伤害。对方的防御力在3回合内下降6点。
自我破坏・弱点・攻击,对方自身弃置1张手牌。对方的防御力在2回合内下降20点。对对方造成7点伤害。
自我破坏・弱点・攻击,对方自身弃置1张手牌。对方的防御力在3回合内下降12点。对对方造成8点伤害。
自我破坏・弱点・雷虚弱,这张卡被弃置时，对方自身弃置1张手牌。对方的防御力在3回合内下降11点。对方的雷属性攻击力在4回合内下降4点。
自我破坏・手牌破坏・冰力量,对方自身弃置1张手牌。对方随机弃置1张手牌。自己的冰属性攻击力在3回合内上升6点。
自我破坏・手牌破坏・攻击,这张卡被弃置时，对方自身弃置1张手牌。对对方造成13点伤害。这张卡被弃置时，对方随机弃置1张手牌。
自我破坏・手牌破坏・机会・雷弱点,对方自身弃置1张手牌。这张卡被弃置时，对方随机弃置1张手牌。出牌阶段增加一次出牌机会。对方的雷属性防御力在4回合内下降2点。
自我破坏・手牌破坏・雷击,对方自身弃置1张手牌。对对方造成12点雷属性伤害。对方随机弃置1张手牌。
自我破坏・手牌破坏・虚弱・雷击,对方自身弃置1张手牌。对对方造成10点雷属性伤害。对方随机弃置1张手牌。对方的攻击力在3回合内下降5点。
自我破坏・手牌破坏・炎击,对对方造成10点炎属性伤害。对方自身弃置1张手牌。对方随机弃置1张手牌。
自我破坏・手牌破坏・专注・炎击,对对方造成9点炎属性伤害。对方自身弃置1张手牌。对方随机弃置1张手牌。这张卡被弃置时，自己的防御力在2回合内上升6点。
自我破坏・手牌销毁・冰力量,对方自身弃置1张手牌。驱逐对方的1张手牌。自己的冰属性攻击力在2回合内上升5点。
自我破坏・手牌销毁・冰弱点,对方自身弃置1张手牌。驱逐对方的1张手牌。对方的冰属性防御力在2回合内下降8点。
自我破坏・手牌销毁・攻击,对方自身弃置1张手牌。驱逐对方的1张手牌。对对方造成5点伤害。
自我破坏・手牌销毁・攻击,这张卡被弃置时，对方自身弃置1张手牌。驱逐对方的1张手牌。对对方造成5点伤害。
自我破坏・手牌销毁・恢复,对方自身弃置1张手牌。驱逐对方的1张手牌。自己的生命值在3回合内回复2点。
自我破坏・手牌销毁・手牌破坏,对方自身弃置1张手牌。驱逐对方的1张手牌。对方随机弃置1张手牌。
自我破坏・贪欲・冰击,对对方造成10点冰属性伤害。对方自身弃置1张手牌。这张卡被弃置时，自己从牌堆抽1张牌。
自我破坏・贪欲・冰击,对对方造成12点冰属性伤害。这张卡被弃置时，对方自身弃置1张手牌。自己从牌堆抽1张牌。
自我破坏・贪欲・攻击,对对方造成7点伤害。对方自身弃置1张手牌。自己从牌堆抽2张牌。
自我破坏・贪欲・攻击,这张卡被弃置时，对对方造成14点伤害。对方自身弃置1张手牌。自己从牌堆抽1张牌。
自我破坏・贪欲・回复,对方自身弃置1张手牌。自己从牌堆抽1张牌。自己的生命值回复9点。
自我破坏・贪欲・机会,对方自身弃置1张手牌。自己从牌堆抽1张牌。出牌阶段增加一次出牌机会。
自我破坏・贪欲・力量・雷击,对方自身弃置1张手牌。自己从牌堆抽1张牌。自己的攻击力在2回合内上升7点。这张卡被弃置时，对对方造成6点雷属性伤害。
自我破坏・贪欲・虚弱,对方自身弃置1张手牌。自己从牌堆抽1张牌。对方的攻击力在4回合内下降4点。
自我破坏・贪欲・炎弱点,这张卡被弃置时，对方自身弃置1张手牌。自己从牌堆抽1张牌。对方的炎属性防御力在3回合内下降12点。
自我破坏・销毁・雷专注,对方自身弃置1张手牌。这张卡使用后被驱逐。这张卡被弃置时，自己的雷属性防御力在2回合内上升27点。
自我破坏・心灵透视・攻击,对对方造成11点伤害。对方自身弃置1张手牌。确认对方手卡并弃置1张手牌。
自我破坏・心灵透视・攻击,对对方造成12点伤害。对方自身弃置1张手牌。确认对方手卡并弃置1张手牌。
自我破坏・心灵透视・攻击,对对方造成12点伤害。对方自身弃置1张手牌。这张卡被弃置时，确认对方手卡并弃置1张手牌。
自我破坏・心灵透视・攻击,对方自身弃置1张手牌。对对方造成11点伤害。确认对方手卡并弃置1张手牌。
自我破坏・心灵透视・攻击,对方自身弃置1张手牌。确认对方手卡并弃置1张手牌。对对方造成9点伤害。
自我破坏・心灵透视・回复,对方自身弃置1张手牌。确认对方手卡并弃置1张手牌。自己的生命值回复8点。
自我破坏・心灵透视・机会,这张卡被弃置时，对方自身弃置1张手牌。确认对方手卡并弃置1张手牌。出牌阶段增加一次出牌机会。
自我破坏・心灵透视・炎力量,对方自身弃置1张手牌。确认对方手卡并弃置1张手牌。这张卡被弃置时，自己的炎属性攻击力在1回合内上升18点。
自我破坏・心灵透视・炎弱点,对方自身弃置1张手牌。确认对方手卡并弃置1张手牌。对方的炎属性防御力在2回合内下降12点。
自我破坏・虚弱,自己自身弃置1张手牌。这张卡被弃置时，对方的攻击力在2回合内下降15点。
自我破坏・虚弱・攻击,对对方造成10点伤害。对方自身弃置1张手牌。对方的攻击力在3回合内下降9点。
自我破坏・虚弱・攻击,对方自身弃置1张手牌。对对方造成11点伤害。这张卡被弃置时，对方的攻击力在4回合内下降4点。
自我破坏・虚弱・攻击,对方自身弃置1张手牌。这张卡被弃置时，对对方造成15点伤害。对方的攻击力在4回合内下降2点。
自我破坏・虚弱・破击,对方自身弃置1张手牌。对对方造成4点无视防御伤害。对方的攻击力在2回合内下降9点。
自我破坏・虚弱・炎击,对方自身弃置1张手牌。这张卡被弃置时，对方的攻击力在2回合内下降22点。对对方造成5点炎属性伤害。
自我破坏・炎击,对对方造成10点炎属性伤害。自己自身弃置1张手牌。
自我破坏・炎击・攻击,对对方造成10点炎属性伤害。对方自身弃置1张手牌。对对方造成8点伤害。
自我破坏・炎击・攻击,对对方造成13点炎属性伤害。对方自身弃置1张手牌。对对方造成7点伤害。
自我破坏・炎力量・攻击,对对方造成10点伤害。对方自身弃置1张手牌。自己的炎属性攻击力在3回合内上升5点。
自我破坏・炎力量・攻击,对方自身弃置1张手牌。自己的炎属性攻击力在1回合内上升18点。对对方造成8点伤害。
自我破坏・炎弱点・冰击,对方自身弃置1张手牌。这张卡被弃置时，对对方造成11点冰属性伤害。对方的炎属性防御力在3回合内下降8点。
自我破坏・炎弱点・冰专注,对方自身弃置1张手牌。对方的炎属性防御力在3回合内下降11点。自己的冰属性防御力在3回合内上升4点。
自我破坏・炎弱点・攻击,对对方造成10点伤害。对方自身弃置1张手牌。对方的炎属性防御力在3回合内下降10点。
自我破坏・炎弱点・攻击,对方自身弃置1张手牌。对方的炎属性防御力在2回合内下降20点。这张卡被弃置时，对对方造成7点伤害。
自我破坏・炎弱点・雷击,对对方造成9点雷属性伤害。对方自身弃置1张手牌。对方的炎属性防御力在4回合内下降6点。
自我破坏・炎弱点・手牌破坏,对方自身弃置1张手牌。对方的炎属性防御力在3回合内下降15点。对方随机弃置1张手牌。
自我破坏・炎弱点・炎虚弱,对方自身弃置1张手牌。对方的炎属性防御力在2回合内下降20点。对方的炎属性攻击力在2回合内下降10点。
自我破坏・炎虚弱,对方自身弃置1张手牌。对方的炎属性攻击力在2回合内下降30点。
自我破坏・炎虚弱,对方自身弃置1张手牌。对方的炎属性攻击力在3回合内下降20点。
自我破坏・炎虚弱,对方自身弃置1张手牌。对方的炎属性攻击力在4回合内下降10点。
自我破坏・炎虚弱・攻击,对方自身弃置1张手牌。对对方造成12点伤害。对方的炎属性攻击力在2回合内下降10点。
自我破坏・炎虚弱・攻击,对方自身弃置1张手牌。对方的炎属性攻击力在3回合内下降10点。对对方造成10点伤害。
自我破坏・炎虚弱・攻击,这张卡被弃置时，对对方造成14点伤害。对方自身弃置1张手牌。这张卡被弃置时，对方的炎属性攻击力在2回合内下降9点。
自我破坏・炎虚弱・虚弱,对方自身弃置1张手牌。对方的炎属性攻击力在4回合内下降5点。对方的攻击力在4回合内下降5点。
自我破坏・炎专注,对方自身弃置1张手牌。这张卡被弃置时，自己的炎属性防御力在3回合内上升8点。
自我破坏・炎专注・攻击,对方自身弃置1张手牌。自己的炎属性防御力在3回合内上升6点。对对方造成8点伤害。
自我破坏・炎专注・虚弱,对方自身弃置1张手牌。自己的炎属性防御力在1回合内上升21点。对方的攻击力在4回合内下降3点。
自我破坏・专注・攻击,对对方造成11点伤害。这张卡被弃置时，对方自身弃置1张手牌。自己的防御力在3回合内上升4点。
自我破坏・专注・攻击,对方自身弃置1张手牌。自己的防御力在3回合内上升8点。对对方造成5点伤害。
自我破坏・专注・雷击,对对方造成13点雷属性伤害。对方自身弃置1张手牌。自己的防御力在1回合内上升10点。
自我破坏・专注・雷弱点,对方自身弃置1张手牌。自己的防御力在2回合内上升11点。对方的雷属性防御力在4回合内下降4点。
自我破坏・专注・破击,对方自身弃置1张手牌。自己的防御力在1回合内上升21点。对对方造成2点无视防御伤害。
